TAXON_NAME,LIFE_STAGE,Total_Abundance,Site_Frequency,Kingdom,Phylum,Subphylum,Class,Subclass,Infraclass,Superorder,Order,Suborder,Infraorder,Superfamily,Family,Subfamily,Tribe,Subtribe,Genus,Subgenus,Species,Subspecies
Ablabesmyia (Karelia),Larvae,1,1,Animalia,Arthropoda,Hexapoda,Insecta,NA,NA,NA,Diptera,Nematocera,NA,NA,Chironomidae,Tanypodinae,Pentaneurini,NA,Ablabesmyia,Ablabesmyia (Karelia),sp.,NA
Ablabesmyia mallochi,Larvae,2482,136,Animalia,Arthropoda,Hexapoda,Insecta,NA,NA,NA,Diptera,Nematocera,NA,NA,Chironomidae,Tanypodinae,Pentaneurini,NA,Ablabesmyia,NA,Ablabesmyia mallochi,NA
Ablabesmyia mallochi,Pupae,133,60,Animalia,Arthropoda,Hexapoda,Insecta,NA,NA,NA,Diptera,Nematocera,NA,NA,Chironomidae,Tanypodinae,Pentaneurini,NA,Ablabesmyia,NA,Ablabesmyia mallochi,NA
Ablabesmyia peleensis,Larvae,1,1,Animalia,Arthropoda,Hexapoda,Insecta,NA,NA,NA,Diptera,Nematocera,NA,NA,Chironomidae,Tanypodinae,Pentaneurini,NA,Ablabesmyia,NA,Ablabesmyia peleensis,NA
Ablabesmyia peleensis,Pupae,1,1,Animalia,Arthropoda,Hexapoda,Insecta,NA,NA,NA,Diptera,Nematocera,NA,NA,Chironomidae,Tanypodinae,Pentaneurini,NA,Ablabesmyia,NA,Ablabesmyia peleensis,NA
Ablabesmyia rhamphe gr.,Larvae,57,4,Animalia,Arthropoda,Hexapoda,Insecta,NA,NA,NA,Diptera,Nematocera,NA,NA,Chironomidae,Tanypodinae,Pentaneurini,NA,Ablabesmyia,NA,Ablabesmyia rhamphe gr.,NA
Ablabesmyia sp.,Larvae,139,24,Animalia,Arthropoda,Hexapoda,Insecta,NA,NA,NA,Diptera,Nematocera,NA,NA,Chironomidae,Tanypodinae,Pentaneurini,NA,Ablabesmyia,NA,sp.,NA
Acanthocephala,Larvae,1,1,Animalia,Acanthocephala,NA,NA,NA,NA,NA,NA,NA,NA,NA,NA,NA,NA,NA,NA,NA,NA,NA
Acari,Adults,1,1,Animalia,Arthropoda,Chelicerata,Arachnida,Acari,NA,NA,NA,NA,NA,NA,NA,NA,NA,NA,NA,NA,NA,NA
Acari,Larvae,1,1,Animalia,Arthropoda,Chelicerata,Arachnida,Acari,NA,NA,NA,NA,NA,NA,NA,NA,NA,NA,NA,NA,NA,NA
Acentrella parvula,Larvae,21,6,Animalia,Arthropoda,Hexapoda,Insecta,NA,NA,NA,Ephemeroptera,NA,NA,NA,Baetidae,NA,NA,NA,Acentrella,NA,Acentrella parvula,NA
Acerpenna pygmaea,Larvae,244,21,Animalia,Arthropoda,Hexapoda,Insecta,NA,NA,NA,Ephemeroptera,NA,NA,NA,Baetidae,NA,NA,NA,Acerpenna,NA,Acerpenna pygmaea,NA
Acerpenna sp.,Larvae,296,48,Animalia,Arthropoda,Hexapoda,Insecta,NA,NA,NA,Ephemeroptera,NA,NA,NA,Baetidae,NA,NA,NA,Acerpenna,NA,sp.,NA
Aedes sp.,Larvae,8,4,Animalia,Arthropoda,Hexapoda,Insecta,NA,NA,NA,Diptera,Nematocera,NA,NA,Culicidae,NA,NA,NA,Aedes,NA,sp.,NA
Aedes sp.,Pupae,3,2,Animalia,Arthropoda,Hexapoda,Insecta,NA,NA,NA,Diptera,Nematocera,NA,NA,Culicidae,NA,NA,NA,Aedes,NA,sp.,NA
Aeshnidae,Larvae,12,11,Animalia,Arthropoda,Hexapoda,Insecta,NA,NA,NA,Odonata,Anisoptera,NA,NA,Aeshnidae,NA,NA,NA,NA,NA,NA,NA
Agabus sp.,Adults,4,3,Animalia,Arthropoda,Hexapoda,Insecta,Pterygota,Neoptera,NA,Coleoptera,Adephaga,NA,NA,Dytiscidae,Colymbetinae,NA,NA,Agabus,NA,sp.,NA
Agabus sp.,Larvae,13,3,Animalia,Arthropoda,Hexapoda,Insecta,Pterygota,Neoptera,NA,Coleoptera,Adephaga,NA,NA,Dytiscidae,Colymbetinae,NA,NA,Agabus,NA,sp.,NA
Alotanypus sp.,Larvae,1,1,Animalia,Arthropoda,Hexapoda,Insecta,NA,NA,NA,Diptera,Nematocera,NA,NA,Chironomidae,Tanypodinae,Macropelopiini,NA,Alotanypus,NA,sp.,NA
Anacaena sp.,Adults,1,1,Animalia,Arthropoda,Hexapoda,Insecta,Pterygota,Neoptera,NA,Coleoptera,Polyphaga,NA,NA,Hydrophilidae,NA,NA,NA,Anacaena,NA,sp.,NA
Anafroptilum sp.,Larvae,19,9,Animalia,Arthropoda,Hexapoda,Insecta,NA,NA,NA,Ephemeroptera,NA,NA,NA,Baetidae,NA,NA,NA,Anafroptilum,NA,sp.,NA
Ancylidae,Larvae,2,2,Animalia,Mollusca,NA,Gastropoda,NA,NA,NA,Basommatophora,NA,NA,NA,Ancylidae,NA,NA,NA,NA,NA,NA,NA
Ancyronyx variegatus,Adults,67,17,Animalia,Arthropoda,Hexapoda,Insecta,Pterygota,Neoptera,NA,Coleoptera,Polyphaga,NA,NA,Elmidae,NA,NA,NA,Ancyronyx,NA,Ancyronyx variegatus,NA
Ancyronyx variegatus,Larvae,25,15,Animalia,Arthropoda,Hexapoda,Insecta,Pterygota,Neoptera,NA,Coleoptera,Polyphaga,NA,NA,Elmidae,NA,NA,NA,Ancyronyx,NA,Ancyronyx variegatus,NA
Anisoptera,Larvae,3,3,Animalia,Arthropoda,Hexapoda,Insecta,NA,NA,NA,Odonata,Anisoptera,NA,NA,NA,NA,NA,NA,NA,NA,NA,NA
Anopheles sp.,Larvae,56,33,Animalia,Arthropoda,Hexapoda,Insecta,NA,NA,NA,Diptera,Nematocera,NA,NA,Culicidae,NA,NA,NA,Anopheles,NA,sp.,NA
Anopheles sp.,Pupae,13,8,Animalia,Arthropoda,Hexapoda,Insecta,NA,NA,NA,Diptera,Nematocera,NA,NA,Culicidae,NA,NA,NA,Anopheles,NA,sp.,NA
Argia sp.,Larvae,744,68,Animalia,Arthropoda,Hexapoda,Insecta,NA,NA,NA,Odonata,Zygoptera,NA,NA,Coenagrionidae,NA,NA,NA,Argia,NA,sp.,NA
Asellidae,Larvae,1,1,Animalia,Arthropoda,Crustacea,Malacostraca,Eumalacostraca,NA,Peracarida,Isopoda,Asellota,NA,Aselloidea,Asellidae,NA,NA,NA,NA,NA,NA,NA
Atrichopogon sp.,Larvae,14,12,Animalia,Arthropoda,Hexapoda,Insecta,NA,NA,NA,Diptera,Nematocera,NA,NA,Ceratopogonidae,Forcipomyiinae,NA,NA,Atrichopogon,NA,sp.,NA
Atylotus/Tabanus sp.,Larvae,9,7,Animalia,Arthropoda,Hexapoda,Insecta,NA,NA,NA,Diptera,Brachycera,NA,NA,Tabanidae,NA,NA,NA,Atylotus/Tabanus,NA,sp.,NA
Axarus sp.,Larvae,1,1,Animalia,Arthropoda,Hexapoda,Insecta,NA,NA,NA,Diptera,Nematocera,NA,NA,Chironomidae,Chironominae,Chironomini,NA,Axarus,NA,sp.,NA
Baetidae,Larvae,2,2,Animalia,Arthropoda,Hexapoda,Insecta,NA,NA,NA,Ephemeroptera,NA,NA,NA,Baetidae,NA,NA,NA,NA,NA,NA,NA
Baetis flavistriga,Larvae,235,29,Animalia,Arthropoda,Hexapoda,Insecta,NA,NA,NA,Ephemeroptera,NA,NA,NA,Baetidae,NA,NA,NA,Baetis,NA,Baetis flavistriga,NA
Baetis intercalaris,Larvae,711,47,Animalia,Arthropoda,Hexapoda,Insecta,NA,NA,NA,Ephemeroptera,NA,NA,NA,Baetidae,NA,NA,NA,Baetis,NA,Baetis intercalaris,NA
Baetis sp.,Larvae,5,4,Animalia,Arthropoda,Hexapoda,Insecta,NA,NA,NA,Ephemeroptera,NA,NA,NA,Baetidae,NA,NA,NA,Baetis,NA,sp.,NA
Basiaeschna janata,Larvae,97,45,Animalia,Arthropoda,Hexapoda,Insecta,NA,NA,NA,Odonata,Anisoptera,NA,NA,Aeshnidae,NA,NA,NA,Basiaeschna,NA,Basiaeschna janata,NA
Belostoma sp.,Larvae,5,3,Animalia,Arthropoda,Hexapoda,Insecta,Pterygota,Neoptera,NA,Hemiptera,Heteroptera,NA,NA,Belostomatidae,NA,NA,NA,Belostoma,NA,sp.,NA
Belostomatidae,Larvae,4,2,Animalia,Arthropoda,Hexapoda,Insecta,Pterygota,Neoptera,NA,Hemiptera,Heteroptera,NA,NA,Belostomatidae,NA,NA,NA,NA,NA,NA,NA
Berosus sp.,Adults,23,15,Animalia,Arthropoda,Hexapoda,Insecta,Pterygota,Neoptera,NA,Coleoptera,Polyphaga,NA,NA,Hydrophilidae,NA,NA,NA,Berosus,NA,sp.,NA
Berosus sp.,Larvae,49,20,Animalia,Arthropoda,Hexapoda,Insecta,Pterygota,Neoptera,NA,Coleoptera,Polyphaga,NA,NA,Hydrophilidae,NA,NA,NA,Berosus,NA,sp.,NA
Bezzia/Palpomyia sp.,Larvae,7,3,Animalia,Arthropoda,Hexapoda,Insecta,NA,NA,NA,Diptera,Nematocera,NA,NA,Ceratopogonidae,Ceratopogoninae,NA,NA,Bezzia/Palpomyia,NA,sp.,NA
Bivalvia,Larvae,1,1,Animalia,Mollusca,NA,Bivalvia,NA,NA,NA,NA,NA,NA,NA,NA,NA,NA,NA,NA,NA,NA,NA
Boyeria sp.,Larvae,3,3,Animalia,Arthropoda,Hexapoda,Insecta,NA,NA,NA,Odonata,Anisoptera,NA,NA,Aeshnidae,NA,NA,NA,Boyeria,NA,sp.,NA
Boyeria vinosa,Larvae,14,9,Animalia,Arthropoda,Hexapoda,Insecta,NA,NA,NA,Odonata,Anisoptera,NA,NA,Aeshnidae,NA,NA,NA,Boyeria,NA,Boyeria vinosa,NA
Brachycentrus americanus,Larvae,1,1,Animalia,Arthropoda,Hexapoda,Insecta,Pterygota,Neoptera,NA,Trichoptera,NA,NA,NA,Brachycentridae,NA,NA,NA,Brachycentrus,NA,Brachycentrus americanus,NA
Brachycercinae,Larvae,2,1,Animalia,Arthropoda,Hexapoda,Insecta,NA,NA,NA,Ephemeroptera,NA,NA,NA,Caenidae,Brachycercinae,NA,NA,NA,NA,NA,NA
Brillia sp.,Larvae,10,7,Animalia,Arthropoda,Hexapoda,Insecta,NA,NA,NA,Diptera,Nematocera,NA,NA,Chironomidae,Orthocladiinae,NA,NA,Brillia,NA,sp.,NA
Caecidotea intermedia,Larvae,99,3,Animalia,Arthropoda,Crustacea,Malacostraca,Eumalacostraca,NA,Peracarida,Isopoda,Asellota,NA,Aselloidea,Asellidae,NA,NA,NA,Caecidotea,NA,Caecidotea intermedia,NA
Caecidotea racovitzai,Larvae,537,2,Animalia,Arthropoda,Crustacea,Malacostraca,Eumalacostraca,NA,Peracarida,Isopoda,Asellota,NA,Aselloidea,Asellidae,NA,NA,NA,Caecidotea,NA,Caecidotea racovitzai,NA
Caecidotea sp.,Larvae,571,28,Animalia,Arthropoda,Crustacea,Malacostraca,Eumalacostraca,NA,Peracarida,Isopoda,Asellota,NA,Aselloidea,Asellidae,NA,NA,NA,Caecidotea,NA,sp.,NA
Caenis hilaris,Larvae,27,5,Animalia,Arthropoda,Hexapoda,Insecta,NA,NA,NA,Ephemeroptera,NA,NA,NA,Caenidae,NA,NA,NA,Caenis,NA,Caenis hilaris,NA
Caenis latipennis,Larvae,342,14,Animalia,Arthropoda,Hexapoda,Insecta,NA,NA,NA,Ephemeroptera,NA,NA,NA,Caenidae,NA,NA,NA,Caenis,NA,Caenis latipennis,NA
Caenis sp.,Larvae,1238,74,Animalia,Arthropoda,Hexapoda,Insecta,NA,NA,NA,Ephemeroptera,NA,NA,NA,Caenidae,NA,NA,NA,Caenis,NA,sp.,NA
Callibaetis sp.,Larvae,119,31,Animalia,Arthropoda,Hexapoda,Insecta,NA,NA,NA,Ephemeroptera,NA,NA,NA,Baetidae,NA,NA,NA,Callibaetis,NA,sp.,NA
Calopterygidae,Larvae,57,14,Animalia,Arthropoda,Hexapoda,Insecta,NA,NA,NA,Odonata,Zygoptera,NA,NA,Calopterygidae,NA,NA,NA,NA,NA,NA,NA
Calopteryx sp.,Larvae,197,37,Animalia,Arthropoda,Hexapoda,Insecta,NA,NA,NA,Odonata,Zygoptera,NA,NA,Calopterygidae,NA,NA,NA,Calopteryx,NA,sp.,NA
Cambaridae,Adults,35,16,Animalia,Arthropoda,Crustacea,Malacostraca,Eumalacostraca,NA,Eucarida,Decapoda,Pleocyemata,Astacidea,Astacoidea,Cambaridae,NA,NA,NA,NA,NA,NA,NA
Cambaridae,Larvae,351,72,Animalia,Arthropoda,Crustacea,Malacostraca,Eumalacostraca,NA,Eucarida,Decapoda,Pleocyemata,Astacidea,Astacoidea,Cambaridae,NA,NA,NA,NA,NA,NA,NA
Campeloma decisum,Larvae,3,1,Animalia,Mollusca,NA,Gastropoda,Prosobranchia,NA,NA,Architaenioglossa,NA,NA,NA,Viviparidae,NA,NA,NA,Campeloma,NA,Campeloma decisum,NA
Capniidae,Larvae,1,1,Animalia,Arthropoda,Hexapoda,Insecta,Pterygota,Neoptera,NA,Plecoptera,NA,NA,NA,Capniidae,NA,NA,NA,NA,NA,NA,NA
Cenocorixa sp.,Adults,4,2,Animalia,Arthropoda,Hexapoda,Insecta,Pterygota,Neoptera,NA,Hemiptera,Heteroptera,NA,NA,Corixidae,NA,NA,NA,Cenocorixa,NA,sp.,NA
Cenocorixa sp.,Larvae,3,2,Animalia,Arthropoda,Hexapoda,Insecta,Pterygota,Neoptera,NA,Hemiptera,Heteroptera,NA,NA,Corixidae,NA,NA,NA,Cenocorixa,NA,sp.,NA
Centroptilum sp.,Larvae,48,19,Animalia,Arthropoda,Hexapoda,Insecta,NA,NA,NA,Ephemeroptera,NA,NA,NA,Baetidae,NA,NA,NA,Centroptilum,NA,sp.,NA
Ceraclea sp.,Larvae,7,3,Animalia,Arthropoda,Hexapoda,Insecta,Pterygota,Neoptera,NA,Trichoptera,NA,NA,NA,Leptoceridae,NA,NA,NA,Ceraclea,NA,sp.,NA
Ceratopogonidae,Pupae,8,8,Animalia,Arthropoda,Hexapoda,Insecta,NA,NA,NA,Diptera,Nematocera,NA,NA,Ceratopogonidae,NA,NA,NA,NA,NA,NA,NA
Ceratopogoninae,Larvae,33,24,Animalia,Arthropoda,Hexapoda,Insecta,NA,NA,NA,Diptera,Nematocera,NA,NA,Ceratopogonidae,Ceratopogoninae,NA,NA,NA,NA,NA,NA
Ceratopogoninae,Pupae,1,1,Animalia,Arthropoda,Hexapoda,Insecta,NA,NA,NA,Diptera,Nematocera,NA,NA,Ceratopogonidae,Ceratopogoninae,NA,NA,NA,NA,NA,NA
Chaoborus sp.,Larvae,10,6,Animalia,Arthropoda,Hexapoda,Insecta,NA,NA,NA,Diptera,Nematocera,NA,NA,Chaoboridae,NA,NA,NA,Chaoborus,NA,sp.,NA
Chaoborus sp.,Pupae,1,1,Animalia,Arthropoda,Hexapoda,Insecta,NA,NA,NA,Diptera,Nematocera,NA,NA,Chaoboridae,NA,NA,NA,Chaoborus,NA,sp.,NA
Chauliodes sp.,Larvae,7,6,Animalia,Arthropoda,Hexapoda,Insecta,Pterygota,Neoptera,Neuropterida,Megaloptera,NA,NA,NA,Corydalidae,Chauliodinae,NA,NA,Chauliodes,NA,sp.,NA
Chauliodinae,Larvae,1,1,Animalia,Arthropoda,Hexapoda,Insecta,Pterygota,Neoptera,Neuropterida,Megaloptera,NA,NA,NA,Corydalidae,Chauliodinae,NA,NA,NA,NA,NA,NA
Cheumatopsyche sp.,Larvae,6354,135,Animalia,Arthropoda,Hexapoda,Insecta,Pterygota,Neoptera,NA,Trichoptera,NA,NA,NA,Hydropsychidae,Hydropsychinae,NA,NA,Cheumatopsyche,NA,sp.,NA
Cheumatopsyche sp.,Pupae,6,4,Animalia,Arthropoda,Hexapoda,Insecta,Pterygota,Neoptera,NA,Trichoptera,NA,NA,NA,Hydropsychidae,Hydropsychinae,NA,NA,Cheumatopsyche,NA,sp.,NA
Chimarra obscura,Larvae,12,4,Animalia,Arthropoda,Hexapoda,Insecta,Pterygota,Neoptera,NA,Trichoptera,NA,NA,NA,Philopotamidae,NA,NA,NA,Chimarra,NA,Chimarra obscura,NA
Chimarra sp.,Larvae,3,2,Animalia,Arthropoda,Hexapoda,Insecta,Pterygota,Neoptera,NA,Trichoptera,NA,NA,NA,Philopotamidae,NA,NA,NA,Chimarra,NA,sp.,NA
Chironomini,Larvae,1,1,Animalia,Arthropoda,Hexapoda,Insecta,NA,NA,NA,Diptera,Nematocera,NA,NA,Chironomidae,Chironominae,Chironomini,NA,NA,NA,NA,NA
Chironomus sp.,Larvae,1831,124,Animalia,Arthropoda,Hexapoda,Insecta,NA,NA,NA,Diptera,Nematocera,NA,NA,Chironomidae,Chironominae,Chironomini,NA,Chironomus,NA,sp.,NA
Chironomus sp.,Pupae,45,26,Animalia,Arthropoda,Hexapoda,Insecta,NA,NA,NA,Diptera,Nematocera,NA,NA,Chironomidae,Chironominae,Chironomini,NA,Chironomus,NA,sp.,NA
Chrysops sp.,Larvae,19,11,Animalia,Arthropoda,Hexapoda,Insecta,NA,NA,NA,Diptera,Brachycera,NA,NA,Tabanidae,NA,NA,NA,Chrysops,NA,sp.,NA
Cincinnatia sp.,Larvae,79,1,Animalia,Mollusca,NA,Gastropoda,Caenogastropoda,NA,NA,Littoridinomorpha,NA,NA,Truncatelloidea,Hydrobiidae,NA,NA,NA,Cincinnatia,NA,sp.,NA
Cladopelma sp.,Larvae,3,2,Animalia,Arthropoda,Hexapoda,Insecta,NA,NA,NA,Diptera,Nematocera,NA,NA,Chironomidae,Chironominae,Chironomini,NA,Cladopelma,NA,sp.,NA
Cladopelma sp.,Pupae,1,1,Animalia,Arthropoda,Hexapoda,Insecta,NA,NA,NA,Diptera,Nematocera,NA,NA,Chironomidae,Chironominae,Chironomini,NA,Cladopelma,NA,sp.,NA
Cladotanytarsus sp.,Larvae,2063,93,Animalia,Arthropoda,Hexapoda,Insecta,NA,NA,NA,Diptera,Nematocera,NA,NA,Chironomidae,Chironominae,Tanytarsini,NA,Cladotanytarsus,NA,sp.,NA
Cladotanytarsus sp.,Pupae,169,31,Animalia,Arthropoda,Hexapoda,Insecta,NA,NA,NA,Diptera,Nematocera,NA,NA,Chironomidae,Chironominae,Tanytarsini,NA,Cladotanytarsus,NA,sp.,NA
Clinotanypus sp.,Larvae,30,14,Animalia,Arthropoda,Hexapoda,Insecta,NA,NA,NA,Diptera,Nematocera,NA,NA,Chironomidae,Tanypodinae,Coelotanypodini,NA,Clinotanypus,NA,sp.,NA
Coenagrion/Enallagma sp.,Larvae,217,29,Animalia,Arthropoda,Hexapoda,Insecta,NA,NA,NA,Odonata,Zygoptera,NA,NA,Coenagrionidae,NA,NA,NA,Coenagrion/Enallagma,NA,sp.,NA
Coenagrionidae,Larvae,223,55,Animalia,Arthropoda,Hexapoda,Insecta,NA,NA,NA,Odonata,Zygoptera,NA,NA,Coenagrionidae,NA,NA,NA,NA,NA,NA,NA
Copelatus sp.,Adults,2,2,Animalia,Arthropoda,Hexapoda,Insecta,Pterygota,Neoptera,NA,Coleoptera,Adephaga,NA,NA,Dytiscidae,Copelatinae,NA,NA,Copelatus,NA,sp.,NA
Copelatus sp.,Larvae,2,1,Animalia,Arthropoda,Hexapoda,Insecta,Pterygota,Neoptera,NA,Coleoptera,Adephaga,NA,NA,Dytiscidae,Copelatinae,NA,NA,Copelatus,NA,sp.,NA
Coptotomus sp.,Adults,1,1,Animalia,Arthropoda,Hexapoda,Insecta,Pterygota,Neoptera,NA,Coleoptera,Adephaga,NA,NA,Dytiscidae,Colymbetinae,NA,NA,Coptotomus,NA,sp.,NA
Corbicula sp.,Adults,38,6,Animalia,Mollusca,NA,Bivalvia,Heterodonta,NA,NA,Veneroida,NA,NA,Corbiculoidea,Corbiculidae,NA,NA,NA,Corbicula,NA,sp.,NA
Corbicula sp.,Larvae,280,30,Animalia,Mollusca,NA,Bivalvia,Heterodonta,NA,NA,Veneroida,NA,NA,Corbiculoidea,Corbiculidae,NA,NA,NA,Corbicula,NA,sp.,NA
Corbiculoidea,Larvae,1,1,Animalia,Mollusca,NA,Bivalvia,Heterodonta,NA,NA,Veneroida,NA,NA,Corbiculoidea,NA,NA,NA,NA,NA,NA,NA,NA
Cordulegaster sp.,Larvae,2,2,Animalia,Arthropoda,Hexapoda,Insecta,NA,NA,NA,Odonata,Anisoptera,NA,NA,Cordulegastridae,NA,NA,NA,Cordulegaster,NA,sp.,NA
Corduliidae,Larvae,5,4,Animalia,Arthropoda,Hexapoda,Insecta,NA,NA,NA,Odonata,Anisoptera,NA,NA,Corduliidae,NA,NA,NA,NA,NA,NA,NA
Corixidae,Adults,3,1,Animalia,Arthropoda,Hexapoda,Insecta,Pterygota,Neoptera,NA,Hemiptera,Heteroptera,NA,NA,Corixidae,NA,NA,NA,NA,NA,NA,NA
Corixidae,Larvae,52,22,Animalia,Arthropoda,Hexapoda,Insecta,Pterygota,Neoptera,NA,Hemiptera,Heteroptera,NA,NA,Corixidae,NA,NA,NA,NA,NA,NA,NA
Corydalidae,Larvae,2,1,Animalia,Arthropoda,Hexapoda,Insecta,Pterygota,Neoptera,Neuropterida,Megaloptera,NA,NA,NA,Corydalidae,NA,NA,NA,NA,NA,NA,NA
Corydalus cornutus,Larvae,8,4,Animalia,Arthropoda,Hexapoda,Insecta,Pterygota,Neoptera,Neuropterida,Megaloptera,NA,NA,NA,Corydalidae,Corydalinae,NA,NA,Corydalus,NA,Corydalus cornutus,NA
Corydalus sp.,Larvae,1,1,Animalia,Arthropoda,Hexapoda,Insecta,Pterygota,Neoptera,Neuropterida,Megaloptera,NA,NA,NA,Corydalidae,Corydalinae,NA,NA,Corydalus,NA,sp.,NA
Corynoneura sp.,Larvae,81,30,Animalia,Arthropoda,Hexapoda,Insecta,NA,NA,NA,Diptera,Nematocera,NA,NA,Chironomidae,Orthocladiinae,NA,NA,Corynoneura,NA,sp.,NA
Crangonyx sp.,Larvae,57,12,Animalia,Arthropoda,Crustacea,Malacostraca,Eumalacostraca,NA,Peracarida,Amphipoda,Gammaridea,NA,NA,Crangonyctidae,NA,NA,NA,Crangonyx,NA,sp.,NA
Cricotopus bicinctus gr.,Larvae,820,69,Animalia,Arthropoda,Hexapoda,Insecta,NA,NA,NA,Diptera,Nematocera,NA,NA,Chironomidae,Orthocladiinae,NA,NA,Cricotopus,Cricotopus (Cricotopus),Cricotopus bicinctus gr.,NA
Cricotopus bicinctus gr.,Pupae,35,15,Animalia,Arthropoda,Hexapoda,Insecta,NA,NA,NA,Diptera,Nematocera,NA,NA,Chironomidae,Orthocladiinae,NA,NA,Cricotopus,Cricotopus (Cricotopus),Cricotopus bicinctus gr.,NA
Cricotopus sp.,Larvae,76,25,Animalia,Arthropoda,Hexapoda,Insecta,NA,NA,NA,Diptera,Nematocera,NA,NA,Chironomidae,Orthocladiinae,NA,NA,Cricotopus,NA,sp.,NA
Cricotopus sp.,Pupae,22,11,Animalia,Arthropoda,Hexapoda,Insecta,NA,NA,NA,Diptera,Nematocera,NA,NA,Chironomidae,Orthocladiinae,NA,NA,Cricotopus,NA,sp.,NA
Cricotopus trifascia gr.,Larvae,19,5,Animalia,Arthropoda,Hexapoda,Insecta,NA,NA,NA,Diptera,Nematocera,NA,NA,Chironomidae,Orthocladiinae,NA,NA,Cricotopus,Cricotopus (Cricotopus),Cricotopus trifascia gr.,NA
Cricotopus trifascia gr.,Pupae,1,1,Animalia,Arthropoda,Hexapoda,Insecta,NA,NA,NA,Diptera,Nematocera,NA,NA,Chironomidae,Orthocladiinae,NA,NA,Cricotopus,Cricotopus (Cricotopus),Cricotopus trifascia gr.,NA
Cricotopus/Orthocladius sp.,Larvae,19,10,Animalia,Arthropoda,Hexapoda,Insecta,NA,NA,NA,Diptera,Nematocera,NA,NA,Chironomidae,Orthocladiinae,NA,NA,Cricotopus/Orthocladius,NA,sp.,NA
Cryptochironomus sp.,Larvae,662,135,Animalia,Arthropoda,Hexapoda,Insecta,NA,NA,NA,Diptera,Nematocera,NA,NA,Chironomidae,Chironominae,Chironomini,NA,Cryptochironomus,NA,sp.,NA
Cryptochironomus sp.,Pupae,15,15,Animalia,Arthropoda,Hexapoda,Insecta,NA,NA,NA,Diptera,Nematocera,NA,NA,Chironomidae,Chironominae,Chironomini,NA,Cryptochironomus,NA,sp.,NA
Cryptotendipes sp.,Larvae,223,50,Animalia,Arthropoda,Hexapoda,Insecta,NA,NA,NA,Diptera,Nematocera,NA,NA,Chironomidae,Chironominae,Chironomini,NA,Cryptotendipes,NA,sp.,NA
Cryptotendipes sp.,Pupae,6,5,Animalia,Arthropoda,Hexapoda,Insecta,NA,NA,NA,Diptera,Nematocera,NA,NA,Chironomidae,Chironominae,Chironomini,NA,Cryptotendipes,NA,sp.,NA
Culex sp.,Larvae,7,5,Animalia,Arthropoda,Hexapoda,Insecta,NA,NA,NA,Diptera,Nematocera,NA,NA,Culicidae,NA,NA,NA,Culex,NA,sp.,NA
Culex sp.,Pupae,1,1,Animalia,Arthropoda,Hexapoda,Insecta,NA,NA,NA,Diptera,Nematocera,NA,NA,Culicidae,NA,NA,NA,Culex,NA,sp.,NA
Culicidae,Larvae,18,7,Animalia,Arthropoda,Hexapoda,Insecta,NA,NA,NA,Diptera,Nematocera,NA,NA,Culicidae,NA,NA,NA,NA,NA,NA,NA
Culicidae,Pupae,8,6,Animalia,Arthropoda,Hexapoda,Insecta,NA,NA,NA,Diptera,Nematocera,NA,NA,Culicidae,NA,NA,NA,NA,NA,NA,NA
Dasyhelea sp.,Larvae,8,8,Animalia,Arthropoda,Hexapoda,Insecta,NA,NA,NA,Diptera,Nematocera,NA,NA,Ceratopogonidae,Dasyheleinae,NA,NA,Dasyhelea,NA,sp.,NA
Dero nivea,Larvae,2,1,Animalia,Annelida,NA,Clitellata,Oligochaeta,NA,NA,Tubificida,NA,NA,NA,Naididae,NA,NA,NA,Dero,NA,Dero nivea,NA
Dicrotendipes fumidus,Larvae,268,46,Animalia,Arthropoda,Hexapoda,Insecta,NA,NA,NA,Diptera,Nematocera,NA,NA,Chironomidae,Chironominae,Chironomini,NA,Dicrotendipes,NA,Dicrotendipes fumidus,NA
Dicrotendipes fumidus,Pupae,5,3,Animalia,Arthropoda,Hexapoda,Insecta,NA,NA,NA,Diptera,Nematocera,NA,NA,Chironomidae,Chironominae,Chironomini,NA,Dicrotendipes,NA,Dicrotendipes fumidus,NA
Dicrotendipes lobiger,Larvae,4,1,Animalia,Arthropoda,Hexapoda,Insecta,NA,NA,NA,Diptera,Nematocera,NA,NA,Chironomidae,Chironominae,Chironomini,NA,Dicrotendipes,NA,Dicrotendipes lobiger,NA
Dicrotendipes lucifer,Larvae,83,34,Animalia,Arthropoda,Hexapoda,Insecta,NA,NA,NA,Diptera,Nematocera,NA,NA,Chironomidae,Chironominae,Chironomini,NA,Dicrotendipes,NA,Dicrotendipes lucifer,NA
Dicrotendipes lucifer,Pupae,1,1,Animalia,Arthropoda,Hexapoda,Insecta,NA,NA,NA,Diptera,Nematocera,NA,NA,Chironomidae,Chironominae,Chironomini,NA,Dicrotendipes,NA,Dicrotendipes lucifer,NA
Dicrotendipes modestus,Larvae,126,32,Animalia,Arthropoda,Hexapoda,Insecta,NA,NA,NA,Diptera,Nematocera,NA,NA,Chironomidae,Chironominae,Chironomini,NA,Dicrotendipes,NA,Dicrotendipes modestus,NA
Dicrotendipes modestus,Pupae,3,2,Animalia,Arthropoda,Hexapoda,Insecta,NA,NA,NA,Diptera,Nematocera,NA,NA,Chironomidae,Chironominae,Chironomini,NA,Dicrotendipes,NA,Dicrotendipes modestus,NA
Dicrotendipes neomodestus,Larvae,1554,120,Animalia,Arthropoda,Hexapoda,Insecta,NA,NA,NA,Diptera,Nematocera,NA,NA,Chironomidae,Chironominae,Chironomini,NA,Dicrotendipes,NA,Dicrotendipes neomodestus,NA
Dicrotendipes neomodestus,Pupae,33,25,Animalia,Arthropoda,Hexapoda,Insecta,NA,NA,NA,Diptera,Nematocera,NA,NA,Chironomidae,Chironominae,Chironomini,NA,Dicrotendipes,NA,Dicrotendipes neomodestus,NA
Dicrotendipes simpsoni,Larvae,168,25,Animalia,Arthropoda,Hexapoda,Insecta,NA,NA,NA,Diptera,Nematocera,NA,NA,Chironomidae,Chironominae,Chironomini,NA,Dicrotendipes,NA,Dicrotendipes simpsoni,NA
Dicrotendipes simpsoni,Pupae,4,3,Animalia,Arthropoda,Hexapoda,Insecta,NA,NA,NA,Diptera,Nematocera,NA,NA,Chironomidae,Chironominae,Chironomini,NA,Dicrotendipes,NA,Dicrotendipes simpsoni,NA
Dicrotendipes sp.,Larvae,76,26,Animalia,Arthropoda,Hexapoda,Insecta,NA,NA,NA,Diptera,Nematocera,NA,NA,Chironomidae,Chironominae,Chironomini,NA,Dicrotendipes,NA,sp.,NA
Diplocladius sp.,Larvae,27,15,Animalia,Arthropoda,Hexapoda,Insecta,NA,NA,NA,Diptera,Nematocera,NA,NA,Chironomidae,Orthocladiinae,NA,NA,Diplocladius,NA,sp.,NA
Diptera,Larvae,6,6,Animalia,Arthropoda,Hexapoda,Insecta,NA,NA,NA,Diptera,NA,NA,NA,NA,NA,NA,NA,NA,NA,NA,NA
Diptera,Pupae,6,6,Animalia,Arthropoda,Hexapoda,Insecta,NA,NA,NA,Diptera,NA,NA,NA,NA,NA,NA,NA,NA,NA,NA,NA
Dixa sp.,Larvae,1,1,Animalia,Arthropoda,Hexapoda,Insecta,NA,NA,NA,Diptera,Nematocera,NA,NA,Dixidae,NA,NA,NA,Dixa,NA,sp.,NA
Dixella sp.,Larvae,21,11,Animalia,Arthropoda,Hexapoda,Insecta,NA,NA,NA,Diptera,Nematocera,NA,NA,Dixidae,NA,NA,NA,Dixella,NA,sp.,NA
Dolichopodidae,Larvae,8,6,Animalia,Arthropoda,Hexapoda,Insecta,NA,NA,NA,Diptera,Brachycera,NA,NA,Dolichopodidae,NA,NA,NA,NA,NA,NA,NA
Dolichopodidae,Pupae,1,1,Animalia,Arthropoda,Hexapoda,Insecta,NA,NA,NA,Diptera,Brachycera,NA,NA,Dolichopodidae,NA,NA,NA,NA,NA,NA,NA
Dubiraphia sp.,Adults,268,33,Animalia,Arthropoda,Hexapoda,Insecta,Pterygota,Neoptera,NA,Coleoptera,Polyphaga,NA,NA,Elmidae,NA,NA,NA,Dubiraphia,NA,sp.,NA
Dubiraphia sp.,Larvae,120,31,Animalia,Arthropoda,Hexapoda,Insecta,Pterygota,Neoptera,NA,Coleoptera,Polyphaga,NA,NA,Elmidae,NA,NA,NA,Dubiraphia,NA,sp.,NA
Empididae,Pupae,3,3,Animalia,Arthropoda,Hexapoda,Insecta,NA,NA,NA,Diptera,Brachycera,NA,NA,Empididae,NA,NA,NA,NA,NA,NA,NA
Enallagma sp.,Larvae,8,4,Animalia,Arthropoda,Hexapoda,Insecta,NA,NA,NA,Odonata,Zygoptera,NA,NA,Coenagrionidae,NA,NA,NA,Enallagma,NA,sp.,NA
Enchytraeidae,Larvae,19,15,Animalia,Annelida,NA,Clitellata,Oligochaeta,NA,NA,Enchytraeida,NA,NA,NA,Enchytraeidae,NA,NA,NA,NA,NA,NA,NA
Endochironomus sp.,Larvae,47,12,Animalia,Arthropoda,Hexapoda,Insecta,NA,NA,NA,Diptera,Nematocera,NA,NA,Chironomidae,Chironominae,Chironomini,NA,Endochironomus,NA,sp.,NA
Enochrus sp.,Adults,1,1,Animalia,Arthropoda,Hexapoda,Insecta,Pterygota,Neoptera,NA,Coleoptera,Polyphaga,NA,NA,Hydrophilidae,NA,NA,NA,Enochrus,NA,sp.,NA
Enochrus sp.,Larvae,9,8,Animalia,Arthropoda,Hexapoda,Insecta,Pterygota,Neoptera,NA,Coleoptera,Polyphaga,NA,NA,Hydrophilidae,NA,NA,NA,Enochrus,NA,sp.,NA
Ephydridae,Larvae,10,8,Animalia,Arthropoda,Hexapoda,Insecta,NA,NA,NA,Diptera,Brachycera,NA,NA,Ephydridae,NA,NA,NA,NA,NA,NA,NA
Ephydridae,Pupae,6,5,Animalia,Arthropoda,Hexapoda,Insecta,NA,NA,NA,Diptera,Brachycera,NA,NA,Ephydridae,NA,NA,NA,NA,NA,NA,NA
Epitheca sp.,Larvae,1,1,Animalia,Arthropoda,Hexapoda,Insecta,NA,NA,NA,Odonata,Anisoptera,NA,NA,Corduliidae,NA,NA,NA,Epitheca,NA,sp.,NA
Erioptera sp.,Larvae,2,2,Animalia,Arthropoda,Hexapoda,Insecta,NA,NA,NA,Diptera,NA,NA,NA,Tipulidae,Limoniinae,Eriopterini,NA,Erioptera,NA,sp.,NA
Erpobdella sp.,Larvae,139,44,Animalia,Annelida,NA,Clitellata,Hirudinida,Euhirudinea,NA,Arhynchobdellida,Erpobdelliformes,NA,NA,Erpobdellidae,NA,NA,NA,Erpobdella,NA,sp.,NA
Erythemis simplicicollis,Larvae,1,1,Animalia,Arthropoda,Hexapoda,Insecta,NA,NA,NA,Odonata,Anisoptera,NA,NA,Libellulidae,NA,NA,NA,Erythemis,NA,Erythemis simplicicollis,NA
Eukiefferiella claripennis gr.,Larvae,2,1,Animalia,Arthropoda,Hexapoda,Insecta,NA,NA,NA,Diptera,Nematocera,NA,NA,Chironomidae,Orthocladiinae,NA,NA,Eukiefferiella,NA,Eukiefferiella claripennis gr.,NA
Ferrissia sp.,Larvae,2,2,Animalia,Mollusca,NA,Gastropoda,Heterobranchia,NA,NA,Hygrophila,NA,NA,Planorboidea,Planorbidae,NA,NA,NA,Ferrissia,NA,sp.,NA
Forcipomyia sp.,Larvae,1,1,Animalia,Arthropoda,Hexapoda,Insecta,NA,NA,NA,Diptera,Nematocera,NA,NA,Ceratopogonidae,Forcipomyiinae,NA,NA,Forcipomyia,NA,sp.,NA
Fossaria sp.,Larvae,2,1,Animalia,Mollusca,NA,Gastropoda,NA,NA,NA,Basommatophora,NA,NA,NA,Lymnaeidae,NA,NA,NA,Fossaria,NA,sp.,NA
Galba sp.,Larvae,7,5,Animalia,Mollusca,NA,Gastropoda,Heterobranchia,NA,NA,Hygrophila,NA,NA,Lymneoidea,Lymnaeidae,NA,NA,NA,Galba,NA,sp.,NA
Gammaridae,Larvae,1,1,Animalia,Arthropoda,Crustacea,Malacostraca,Eumalacostraca,NA,Peracarida,Amphipoda,Gammaridea,NA,NA,Gammaridae,NA,NA,NA,NA,NA,NA,NA
Gammarus sp.,Larvae,1296,48,Animalia,Arthropoda,Crustacea,Malacostraca,Eumalacostraca,NA,Peracarida,Amphipoda,Gammaridea,NA,NA,Gammaridae,NA,NA,NA,Gammarus,NA,sp.,NA
Glossiphoniidae,Larvae,2,2,Animalia,Annelida,NA,Clitellata,Hirudinida,Euhirudinea,NA,Rhynchobdellida,NA,NA,NA,Glossiphoniidae,NA,NA,NA,NA,NA,NA,NA
Glyptotendipes sp.,Larvae,320,63,Animalia,Arthropoda,Hexapoda,Insecta,NA,NA,NA,Diptera,Nematocera,NA,NA,Chironomidae,Chironominae,Chironomini,NA,Glyptotendipes,NA,sp.,NA
Glyptotendipes sp.,Pupae,3,3,Animalia,Arthropoda,Hexapoda,Insecta,NA,NA,NA,Diptera,Nematocera,NA,NA,Chironomidae,Chironominae,Chironomini,NA,Glyptotendipes,NA,sp.,NA
Goeldichironomus sp.,Pupae,1,1,Animalia,Arthropoda,Hexapoda,Insecta,NA,NA,NA,Diptera,Nematocera,NA,NA,Chironomidae,Chironominae,Chironomini,NA,Goeldichironomus,NA,sp.,NA
Gomphidae,Larvae,3,2,Animalia,Arthropoda,Hexapoda,Insecta,NA,NA,NA,Odonata,Anisoptera,NA,NA,Gomphidae,NA,NA,NA,NA,NA,NA,NA
Gomphus sp.,Larvae,10,8,Animalia,Arthropoda,Hexapoda,Insecta,NA,NA,NA,Odonata,Anisoptera,NA,NA,Gomphidae,NA,NA,NA,Gomphus,NA,sp.,NA
Gonomyia sp.,Larvae,16,9,Animalia,Arthropoda,Hexapoda,Insecta,NA,NA,NA,Diptera,NA,NA,NA,Tipulidae,Limoniinae,Eriopterini,NA,Gonomyia,NA,sp.,NA
Gyraulus sp.,Larvae,1,1,Animalia,Mollusca,NA,Gastropoda,Heterobranchia,NA,NA,Hygrophila,NA,NA,Planorboidea,Planorbidae,NA,NA,NA,Gyraulus,NA,sp.,NA
Haemopis sp.,Larvae,1,1,Animalia,Annelida,NA,Clitellata,Hirudinida,Euhirudinea,NA,Arhynchobdellida,Hirudiniformes,NA,NA,Haemopidae,NA,NA,NA,Haemopis,NA,sp.,NA
Haliplidae,Adults,1,1,Animalia,Arthropoda,Hexapoda,Insecta,Pterygota,Neoptera,NA,Coleoptera,Adephaga,NA,NA,Haliplidae,NA,NA,NA,NA,NA,NA,NA
Harnischia sp.,Larvae,16,11,Animalia,Arthropoda,Hexapoda,Insecta,NA,NA,NA,Diptera,Nematocera,NA,NA,Chironomidae,Chironominae,Chironomini,NA,Harnischia,NA,sp.,NA
Harnischia sp.,Pupae,2,1,Animalia,Arthropoda,Hexapoda,Insecta,NA,NA,NA,Diptera,Nematocera,NA,NA,Chironomidae,Chironominae,Chironomini,NA,Harnischia,NA,sp.,NA
Hedriodiscus/Odontomyia sp.,Larvae,1,1,Animalia,Arthropoda,Hexapoda,Insecta,NA,NA,NA,Diptera,Brachycera,NA,NA,Stratiomyidae,NA,NA,NA,Hedriodiscus/Odontomyia,NA,sp.,NA
Helichus basalis,Adults,9,6,Animalia,Arthropoda,Hexapoda,Insecta,Pterygota,Neoptera,NA,Coleoptera,Polyphaga,NA,NA,Dryopidae,NA,NA,NA,Helichus,NA,Helichus basalis,NA
Helichus lithophilus,Adults,14,5,Animalia,Arthropoda,Hexapoda,Insecta,Pterygota,Neoptera,NA,Coleoptera,Polyphaga,NA,NA,Dryopidae,NA,NA,NA,Helichus,NA,Helichus lithophilus,NA
Helichus sp.,Adults,6,5,Animalia,Arthropoda,Hexapoda,Insecta,Pterygota,Neoptera,NA,Coleoptera,Polyphaga,NA,NA,Dryopidae,NA,NA,NA,Helichus,NA,sp.,NA
Helichus striatus,Adults,1,1,Animalia,Arthropoda,Hexapoda,Insecta,Pterygota,Neoptera,NA,Coleoptera,Polyphaga,NA,NA,Dryopidae,NA,NA,NA,Helichus,NA,Helichus striatus,NA
Helicopsyche borealis,Larvae,3,1,Animalia,Arthropoda,Hexapoda,Insecta,Pterygota,Neoptera,NA,Trichoptera,NA,NA,NA,Helicopsychidae,NA,NA,NA,Helicopsyche,NA,Helicopsyche borealis,NA
Helicopsyche borealis,Pupae,1,1,Animalia,Arthropoda,Hexapoda,Insecta,Pterygota,Neoptera,NA,Trichoptera,NA,NA,NA,Helicopsychidae,NA,NA,NA,Helicopsyche,NA,Helicopsyche borealis,NA
Helisoma anceps,Larvae,1,1,Animalia,Mollusca,NA,Gastropoda,NA,NA,NA,Basommatophora,NA,NA,NA,Planorbidae,NA,NA,NA,Helisoma,NA,Helisoma anceps,NA
Helobdella papillata,Larvae,1,1,Animalia,Annelida,NA,Clitellata,Hirudinida,Euhirudinea,NA,Rhynchobdellida,NA,NA,NA,Glossiphoniidae,NA,NA,NA,Helobdella,NA,Helobdella papillata,NA
Helobdella sp.,Larvae,10,8,Animalia,Annelida,NA,Clitellata,Hirudinida,Euhirudinea,NA,Rhynchobdellida,NA,NA,NA,Glossiphoniidae,NA,NA,NA,Helobdella,NA,sp.,NA
Hemerodromia sp.,Larvae,9,6,Animalia,Arthropoda,Hexapoda,Insecta,NA,NA,NA,Diptera,Brachycera,NA,NA,Empididae,NA,NA,NA,Hemerodromia,NA,sp.,NA
Hemerodromia sp.,Pupae,1,1,Animalia,Arthropoda,Hexapoda,Insecta,NA,NA,NA,Diptera,Brachycera,NA,NA,Empididae,NA,NA,NA,Hemerodromia,NA,sp.,NA
Heptagenia sp.,Larvae,34,4,Animalia,Arthropoda,Hexapoda,Insecta,NA,NA,NA,Ephemeroptera,NA,NA,NA,Heptageniidae,NA,NA,NA,Heptagenia,NA,sp.,NA
Heptageniidae,Larvae,7,6,Animalia,Arthropoda,Hexapoda,Insecta,NA,NA,NA,Ephemeroptera,NA,NA,NA,Heptageniidae,NA,NA,NA,NA,NA,NA,NA
Hetaerina americana,Larvae,3,3,Animalia,Arthropoda,Hexapoda,Insecta,NA,NA,NA,Odonata,Zygoptera,NA,NA,Calopterygidae,NA,NA,NA,Hetaerina,NA,Hetaerina americana,NA
Hetaerina sp.,Larvae,13,4,Animalia,Arthropoda,Hexapoda,Insecta,NA,NA,NA,Odonata,Zygoptera,NA,NA,Calopterygidae,NA,NA,NA,Hetaerina,NA,sp.,NA
Hexagenia bilineata,Larvae,4,3,Animalia,Arthropoda,Hexapoda,Insecta,NA,NA,NA,Ephemeroptera,NA,NA,NA,Ephemeridae,NA,NA,NA,Hexagenia,NA,Hexagenia bilineata,NA
Hexagenia sp.,Larvae,2,2,Animalia,Arthropoda,Hexapoda,Insecta,NA,NA,NA,Ephemeroptera,NA,NA,NA,Ephemeridae,NA,NA,NA,Hexagenia,NA,sp.,NA
Hirudinida,Larvae,3,2,Animalia,Annelida,NA,Clitellata,Hirudinida,NA,NA,NA,NA,NA,NA,NA,NA,NA,NA,NA,NA,NA,NA
Hyalella sp.,Larvae,1279,58,Animalia,Arthropoda,Crustacea,Malacostraca,Eumalacostraca,NA,Peracarida,Amphipoda,Gammaridea,NA,NA,Hyalellidae,NA,NA,NA,Hyalella,NA,sp.,NA
Hydrobaenus sp.,Larvae,7,6,Animalia,Arthropoda,Hexapoda,Insecta,NA,NA,NA,Diptera,Nematocera,NA,NA,Chironomidae,Orthocladiinae,NA,NA,Hydrobaenus,NA,sp.,NA
Hydrobiidae,Larvae,3,2,Animalia,Mollusca,NA,Gastropoda,NA,NA,NA,Neotaenioglossa,NA,NA,NA,Hydrobiidae,NA,NA,NA,NA,NA,NA,NA
Hydrophilidae,Larvae,1,1,Animalia,Arthropoda,Hexapoda,Insecta,Pterygota,Neoptera,NA,Coleoptera,Polyphaga,NA,NA,Hydrophilidae,NA,NA,NA,NA,NA,NA,NA
Hydroporinae,Larvae,1,1,Animalia,Arthropoda,Hexapoda,Insecta,Pterygota,Neoptera,NA,Coleoptera,Adephaga,NA,NA,Dytiscidae,Hydroporinae,NA,NA,NA,NA,NA,NA
Hydropsyche betteni,Larvae,67,16,Animalia,Arthropoda,Hexapoda,Insecta,Pterygota,Neoptera,NA,Trichoptera,NA,NA,NA,Hydropsychidae,Hydropsychinae,NA,NA,Hydropsyche,NA,Hydropsyche betteni,NA
Hydropsyche bidens,Larvae,1,1,Animalia,Arthropoda,Hexapoda,Insecta,Pterygota,Neoptera,NA,Trichoptera,NA,NA,NA,Hydropsychidae,Hydropsychinae,NA,NA,Hydropsyche,NA,Hydropsyche bidens,NA
Hydropsyche bronta,Larvae,3,1,Animalia,Arthropoda,Hexapoda,Insecta,Pterygota,Neoptera,NA,Trichoptera,NA,NA,NA,Hydropsychidae,Hydropsychinae,NA,NA,Hydropsyche,NA,Hydropsyche bronta,NA
Hydropsyche dicantha,Larvae,1,1,Animalia,Arthropoda,Hexapoda,Insecta,Pterygota,Neoptera,NA,Trichoptera,NA,NA,NA,Hydropsychidae,Hydropsychinae,NA,NA,Hydropsyche,NA,Hydropsyche dicantha,NA
Hydropsyche simulans,Larvae,179,11,Animalia,Arthropoda,Hexapoda,Insecta,Pterygota,Neoptera,NA,Trichoptera,NA,NA,NA,Hydropsychidae,Hydropsychinae,NA,NA,Hydropsyche,NA,Hydropsyche simulans,NA
Hydropsyche simulans,Pupae,1,1,Animalia,Arthropoda,Hexapoda,Insecta,Pterygota,Neoptera,NA,Trichoptera,NA,NA,NA,Hydropsychidae,Hydropsychinae,NA,NA,Hydropsyche,NA,Hydropsyche simulans,NA
Hydropsyche sp.,Larvae,289,22,Animalia,Arthropoda,Hexapoda,Insecta,Pterygota,Neoptera,NA,Trichoptera,NA,NA,NA,Hydropsychidae,Hydropsychinae,NA,NA,Hydropsyche,NA,sp.,NA
Hydroptila sp.,Larvae,171,44,Animalia,Arthropoda,Hexapoda,Insecta,Pterygota,Neoptera,NA,Trichoptera,NA,NA,NA,Hydroptilidae,NA,NA,NA,Hydroptila,NA,sp.,NA
Hydroptila sp.,Pupae,4,4,Animalia,Arthropoda,Hexapoda,Insecta,Pterygota,Neoptera,NA,Trichoptera,NA,NA,NA,Hydroptilidae,NA,NA,NA,Hydroptila,NA,sp.,NA
Hydroptilidae,Larvae,2,2,Animalia,Arthropoda,Hexapoda,Insecta,Pterygota,Neoptera,NA,Trichoptera,NA,NA,NA,Hydroptilidae,NA,NA,NA,NA,NA,NA,NA
Hydroptilidae,Pupae,2,2,Animalia,Arthropoda,Hexapoda,Insecta,Pterygota,Neoptera,NA,Trichoptera,NA,NA,NA,Hydroptilidae,NA,NA,NA,NA,NA,NA,NA
Hydrosmittia sp.,Larvae,1,1,Animalia,Arthropoda,Hexapoda,Insecta,NA,NA,NA,Diptera,Nematocera,NA,NA,Chironomidae,Orthocladiinae,NA,NA,Hydrosmittia,NA,sp.,NA
Hydryphantidae,Larvae,1,1,Animalia,Arthropoda,Chelicerata,Arachnida,Acari,NA,Acariformes,Trombidiformes,NA,NA,NA,Hydryphantidae,NA,NA,NA,NA,NA,NA,NA
Hygrobates sp.,Adults,5,3,Animalia,Arthropoda,Chelicerata,Arachnida,Acari,NA,Acariformes,Trombidiformes,NA,NA,NA,Hygrobatidae,NA,NA,NA,Hygrobates,NA,sp.,NA
Hygrobates sp.,Larvae,2,2,Animalia,Arthropoda,Chelicerata,Arachnida,Acari,NA,Acariformes,Trombidiformes,NA,NA,NA,Hygrobatidae,NA,NA,NA,Hygrobates,NA,sp.,NA
Ilybius sp.,Adults,1,1,Animalia,Arthropoda,Hexapoda,Insecta,Pterygota,Neoptera,NA,Coleoptera,Adephaga,NA,NA,Dytiscidae,Colymbetinae,NA,NA,Ilybius,NA,sp.,NA
Ischnura sp.,Larvae,247,37,Animalia,Arthropoda,Hexapoda,Insecta,NA,NA,NA,Odonata,Zygoptera,NA,NA,Coenagrionidae,NA,NA,NA,Ischnura,NA,sp.,NA
Isonychia sp.,Larvae,4,2,Animalia,Arthropoda,Hexapoda,Insecta,NA,NA,NA,Ephemeroptera,NA,NA,NA,Isonychiidae,NA,NA,NA,Isonychia,NA,sp.,NA
Kiefferulus sp.,Larvae,16,4,Animalia,Arthropoda,Hexapoda,Insecta,NA,NA,NA,Diptera,Nematocera,NA,NA,Chironomidae,Chironominae,Chironomini,NA,Kiefferulus,NA,sp.,NA
Kloosia sp.,Larvae,7,5,Animalia,Arthropoda,Hexapoda,Insecta,NA,NA,NA,Diptera,Nematocera,NA,NA,Chironomidae,Chironominae,Chironomini,NA,Kloosia,NA,sp.,NA
Labiobaetis frondalis,Larvae,34,4,Animalia,Arthropoda,Hexapoda,Insecta,NA,NA,NA,Ephemeroptera,NA,NA,NA,Baetidae,NA,NA,NA,Labiobaetis,NA,Labiobaetis frondalis,NA
Labrundinia sp.,Larvae,395,91,Animalia,Arthropoda,Hexapoda,Insecta,NA,NA,NA,Diptera,Nematocera,NA,NA,Chironomidae,Tanypodinae,Pentaneurini,NA,Labrundinia,NA,sp.,NA
Labrundinia sp.,Pupae,8,7,Animalia,Arthropoda,Hexapoda,Insecta,NA,NA,NA,Diptera,Nematocera,NA,NA,Chironomidae,Tanypodinae,Pentaneurini,NA,Labrundinia,NA,sp.,NA
Laccophilus fasciatus,Adults,1,1,Animalia,Arthropoda,Hexapoda,Insecta,Pterygota,Neoptera,NA,Coleoptera,Adephaga,NA,NA,Dytiscidae,Laccophilinae,Laccophilini,NA,Laccophilus,NA,Laccophilus fasciatus,NA
Larsia sp.,Larvae,40,16,Animalia,Arthropoda,Hexapoda,Insecta,NA,NA,NA,Diptera,Nematocera,NA,NA,Chironomidae,Tanypodinae,Pentaneurini,NA,Larsia,NA,sp.,NA
Lebertia sp.,Larvae,3,2,Animalia,Arthropoda,Chelicerata,Arachnida,Acari,NA,Acariformes,Trombidiformes,NA,NA,NA,Lebertiidae,NA,NA,NA,Lebertia,NA,sp.,NA
Lepidoptera,Larvae,2,2,Animalia,Arthropoda,Hexapoda,Insecta,Pterygota,Neoptera,NA,Lepidoptera,NA,NA,NA,NA,NA,NA,NA,NA,NA,NA,NA
Lestes sp.,Larvae,1,1,Animalia,Arthropoda,Hexapoda,Insecta,NA,NA,NA,Odonata,Zygoptera,NA,NA,Lestidae,NA,NA,NA,Lestes,NA,sp.,NA
Leucrocuta sp.,Larvae,36,8,Animalia,Arthropoda,Hexapoda,Insecta,NA,NA,NA,Ephemeroptera,NA,NA,NA,Heptageniidae,NA,NA,NA,Leucrocuta,NA,sp.,NA
Libellula semifasciata,Larvae,5,4,Animalia,Arthropoda,Hexapoda,Insecta,NA,NA,NA,Odonata,Anisoptera,NA,NA,Libellulidae,NA,NA,NA,Libellula,NA,Libellula semifasciata,NA
Libellula sp.,Larvae,9,5,Animalia,Arthropoda,Hexapoda,Insecta,NA,NA,NA,Odonata,Anisoptera,NA,NA,Libellulidae,NA,NA,NA,Libellula,NA,sp.,NA
Libellulidae,Larvae,4,2,Animalia,Arthropoda,Hexapoda,Insecta,NA,NA,NA,Odonata,Anisoptera,NA,NA,Libellulidae,NA,NA,NA,NA,NA,NA,NA
Libellulidae/Corduliidae,Larvae,3,2,Animalia,Arthropoda,Hexapoda,Insecta,NA,NA,NA,Odonata,Anisoptera,NA,NA,Libellulidae/Corduliidae,NA,NA,NA,NA,NA,NA,NA
Limnesia sp.,Larvae,1,1,Animalia,Arthropoda,Chelicerata,Arachnida,Acari,NA,Acariformes,Trombidiformes,NA,NA,NA,Limnesiidae,NA,NA,NA,Limnesia,NA,sp.,NA
Limnophyes sp.,Larvae,5,4,Animalia,Arthropoda,Hexapoda,Insecta,NA,NA,NA,Diptera,Nematocera,NA,NA,Chironomidae,Orthocladiinae,NA,NA,Limnophyes,NA,sp.,NA
Limonia sp.,Larvae,1,1,Animalia,Arthropoda,Hexapoda,Insecta,NA,NA,NA,Diptera,NA,NA,NA,Tipulidae,Limoniinae,Limoniini,NA,Limonia,NA,sp.,NA
Lipiniella sp.,Larvae,3,2,Animalia,Arthropoda,Hexapoda,Insecta,NA,NA,NA,Diptera,Nematocera,NA,NA,Chironomidae,Chironominae,Chironomini,NA,Lipiniella,NA,sp.,NA
Lirceus sp.,Larvae,38,1,Animalia,Arthropoda,Crustacea,Malacostraca,Eumalacostraca,NA,Peracarida,Isopoda,Asellota,NA,Aselloidea,Asellidae,NA,NA,NA,Lirceus,NA,sp.,NA
Lopescladius sp.,Larvae,13,5,Animalia,Arthropoda,Hexapoda,Insecta,NA,NA,NA,Diptera,Nematocera,NA,NA,Chironomidae,Orthocladiinae,NA,NA,Lopescladius,NA,sp.,NA
Lumbricina,Larvae,24,19,Animalia,Annelida,NA,Clitellata,Oligochaeta,NA,NA,Opisthopora,Lumbricina,NA,NA,NA,NA,NA,NA,NA,NA,NA,NA
Lymnaeidae,Larvae,9,6,Animalia,Mollusca,NA,Gastropoda,Heterobranchia,NA,NA,Hygrophila,NA,NA,Lymneoidea,Lymnaeidae,NA,NA,NA,NA,NA,NA,NA
Lype diversa,Larvae,6,1,Animalia,Arthropoda,Hexapoda,Insecta,Pterygota,Neoptera,NA,Trichoptera,NA,NA,NA,Psychomyiidae,NA,NA,NA,Lype,NA,Lype diversa,NA
Maccaffertium exiguum,Larvae,21,3,Animalia,Arthropoda,Hexapoda,Insecta,NA,NA,NA,Ephemeroptera,NA,NA,NA,Heptageniidae,NA,NA,NA,Maccaffertium,NA,Maccaffertium exiguum,NA
Maccaffertium sp.,Larvae,33,10,Animalia,Arthropoda,Hexapoda,Insecta,NA,NA,NA,Ephemeroptera,NA,NA,NA,Heptageniidae,NA,NA,NA,Maccaffertium,NA,sp.,NA
Maccaffertium terminatum,Larvae,29,5,Animalia,Arthropoda,Hexapoda,Insecta,NA,NA,NA,Ephemeroptera,NA,NA,NA,Heptageniidae,NA,NA,NA,Maccaffertium,NA,Maccaffertium terminatum,NA
Macromia illinoiensis,Larvae,17,11,Animalia,Arthropoda,Hexapoda,Insecta,NA,NA,NA,Odonata,Anisoptera,NA,NA,Macromiidae,NA,NA,NA,Macromia,NA,Macromia illinoiensis,NA
Macromia sp.,Larvae,26,16,Animalia,Arthropoda,Hexapoda,Insecta,NA,NA,NA,Odonata,Anisoptera,NA,NA,Macromiidae,NA,NA,NA,Macromia,NA,sp.,NA
Macromia taeniolata,Larvae,1,1,Animalia,Arthropoda,Hexapoda,Insecta,NA,NA,NA,Odonata,Anisoptera,NA,NA,Macromiidae,NA,NA,NA,Macromia,NA,Macromia taeniolata,NA
Macromiidae,Larvae,3,3,Animalia,Arthropoda,Hexapoda,Insecta,NA,NA,NA,Odonata,Anisoptera,NA,NA,Macromiidae,NA,NA,NA,NA,NA,NA,NA
Macronychus glabratus,Adults,47,18,Animalia,Arthropoda,Hexapoda,Insecta,Pterygota,Neoptera,NA,Coleoptera,Polyphaga,NA,NA,Elmidae,NA,NA,NA,Macronychus,NA,Macronychus glabratus,NA
Macronychus glabratus,Larvae,27,18,Animalia,Arthropoda,Hexapoda,Insecta,Pterygota,Neoptera,NA,Coleoptera,Polyphaga,NA,NA,Elmidae,NA,NA,NA,Macronychus,NA,Macronychus glabratus,NA
Microchironomus sp.,Larvae,4,3,Animalia,Arthropoda,Hexapoda,Insecta,NA,NA,NA,Diptera,Nematocera,NA,NA,Chironomidae,Chironominae,Chironomini,NA,Microchironomus,NA,sp.,NA
Micromenetus sp.,Larvae,17,8,Animalia,Mollusca,NA,Gastropoda,Heterobranchia,NA,NA,Hygrophila,NA,NA,Planorboidea,Planorbidae,NA,NA,NA,Micromenetus,NA,sp.,NA
Micropsectra sp.,Larvae,49,17,Animalia,Arthropoda,Hexapoda,Insecta,NA,NA,NA,Diptera,Nematocera,NA,NA,Chironomidae,Chironominae,Tanytarsini,NA,Micropsectra,NA,sp.,NA
Microtendipes pedellus gr.,Larvae,183,34,Animalia,Arthropoda,Hexapoda,Insecta,NA,NA,NA,Diptera,Nematocera,NA,NA,Chironomidae,Chironominae,Chironomini,NA,Microtendipes,NA,Microtendipes pedellus gr.,NA
Microtendipes pedellus gr.,Pupae,4,3,Animalia,Arthropoda,Hexapoda,Insecta,NA,NA,NA,Diptera,Nematocera,NA,NA,Chironomidae,Chironominae,Chironomini,NA,Microtendipes,NA,Microtendipes pedellus gr.,NA
Mideopsis sp.,Adults,2,2,Animalia,Arthropoda,Chelicerata,Arachnida,Acari,NA,Acariformes,Trombidiformes,NA,NA,NA,Mideopsidae,NA,NA,NA,Mideopsis,NA,sp.,NA
Mideopsis sp.,Larvae,1,1,Animalia,Arthropoda,Chelicerata,Arachnida,Acari,NA,Acariformes,Trombidiformes,NA,NA,NA,Mideopsidae,NA,NA,NA,Mideopsis,NA,sp.,NA
Muscidae,Larvae,6,4,Animalia,Arthropoda,Hexapoda,Insecta,NA,NA,NA,Diptera,Brachycera,NA,NA,Muscidae,NA,NA,NA,NA,NA,NA,NA
Musculium sp.,Adults,47,2,Animalia,Mollusca,NA,Bivalvia,Heterodonta,NA,NA,Veneroida,NA,NA,Corbiculoidea,Sphaeriidae,NA,NA,NA,Musculium,NA,sp.,NA
Musculium sp.,Larvae,190,38,Animalia,Mollusca,NA,Bivalvia,Heterodonta,NA,NA,Veneroida,NA,NA,Corbiculoidea,Sphaeriidae,NA,NA,NA,Musculium,NA,sp.,NA
Musculium transversum,Adults,6,2,Animalia,Mollusca,NA,Bivalvia,Heterodonta,NA,NA,Veneroida,NA,NA,Corbiculoidea,Sphaeriidae,NA,NA,NA,Musculium,NA,Musculium transversum,NA
Musculium transversum,Larvae,113,10,Animalia,Mollusca,NA,Bivalvia,Heterodonta,NA,NA,Veneroida,NA,NA,Corbiculoidea,Sphaeriidae,NA,NA,NA,Musculium,NA,Musculium transversum,NA
Naididae,Larvae,254,70,Animalia,Annelida,NA,Clitellata,Oligochaeta,NA,NA,Tubificida,NA,NA,NA,Naididae,NA,NA,NA,NA,NA,NA,NA
Nanocladius sp.,Larvae,96,41,Animalia,Arthropoda,Hexapoda,Insecta,NA,NA,NA,Diptera,Nematocera,NA,NA,Chironomidae,Orthocladiinae,NA,NA,Nanocladius,NA,sp.,NA
Nanocladius sp.,Pupae,2,2,Animalia,Arthropoda,Hexapoda,Insecta,NA,NA,NA,Diptera,Nematocera,NA,NA,Chironomidae,Orthocladiinae,NA,NA,Nanocladius,NA,sp.,NA
Nasiaeschna pentacantha,Larvae,1,1,Animalia,Arthropoda,Hexapoda,Insecta,NA,NA,NA,Odonata,Anisoptera,NA,NA,Aeshnidae,NA,NA,NA,Nasiaeschna,NA,Nasiaeschna pentacantha,NA
Natarsia sp.,Larvae,8,7,Animalia,Arthropoda,Hexapoda,Insecta,NA,NA,NA,Diptera,Nematocera,NA,NA,Chironomidae,Tanypodinae,Natarsiini,NA,Natarsia,NA,sp.,NA
Nectopsyche candida,Larvae,14,3,Animalia,Arthropoda,Hexapoda,Insecta,Pterygota,Neoptera,NA,Trichoptera,NA,NA,NA,Leptoceridae,NA,NA,NA,Nectopsyche,NA,Nectopsyche candida,NA
Nectopsyche diarina,Larvae,18,5,Animalia,Arthropoda,Hexapoda,Insecta,Pterygota,Neoptera,NA,Trichoptera,NA,NA,NA,Leptoceridae,NA,NA,NA,Nectopsyche,NA,Nectopsyche diarina,NA
Nectopsyche sp.,Larvae,63,11,Animalia,Arthropoda,Hexapoda,Insecta,Pterygota,Neoptera,NA,Trichoptera,NA,NA,NA,Leptoceridae,NA,NA,NA,Nectopsyche,NA,sp.,NA
Nematoda,Larvae,5,4,Animalia,Nematoda,NA,NA,NA,NA,NA,NA,NA,NA,NA,NA,NA,NA,NA,NA,NA,NA,NA
Nematomorpha,Larvae,8,8,Animalia,Nematomorpha,NA,NA,NA,NA,NA,NA,NA,NA,NA,NA,NA,NA,NA,NA,NA,NA,NA
Nemotelus sp.,Larvae,1,1,Animalia,Arthropoda,Hexapoda,Insecta,NA,NA,NA,Diptera,Brachycera,NA,NA,Stratiomyidae,NA,NA,NA,Nemotelus,NA,sp.,NA
Neoplea sp.,Adults,2,2,Animalia,Arthropoda,Hexapoda,Insecta,Pterygota,Neoptera,NA,Hemiptera,Heteroptera,NA,NA,Pleidae,NA,NA,NA,Neoplea,NA,sp.,NA
Neoplea sp.,Larvae,1,1,Animalia,Arthropoda,Hexapoda,Insecta,Pterygota,Neoptera,NA,Hemiptera,Heteroptera,NA,NA,Pleidae,NA,NA,NA,Neoplea,NA,sp.,NA
Neoporus sp.,Adults,1,1,Animalia,Arthropoda,Hexapoda,Insecta,Pterygota,Neoptera,NA,Coleoptera,Adephaga,NA,NA,Dytiscidae,Hydroporinae,Hydroporini,NA,Neoporus,NA,sp.,NA
Neotrichia sp.,Larvae,1,1,Animalia,Arthropoda,Hexapoda,Insecta,Pterygota,Neoptera,NA,Trichoptera,NA,NA,NA,Hydroptilidae,NA,NA,NA,Neotrichia,NA,sp.,NA
Neumania sp.,Adults,4,4,Animalia,Arthropoda,Chelicerata,Arachnida,Acari,NA,Acariformes,Trombidiformes,NA,NA,NA,Unionicolidae,NA,NA,NA,Neumania,NA,sp.,NA
Neumania sp.,Larvae,4,4,Animalia,Arthropoda,Chelicerata,Arachnida,Acari,NA,Acariformes,Trombidiformes,NA,NA,NA,Unionicolidae,NA,NA,NA,Neumania,NA,sp.,NA
Neureclipsis sp.,Larvae,3,2,Animalia,Arthropoda,Hexapoda,Insecta,Pterygota,Neoptera,NA,Trichoptera,NA,NA,NA,Polycentropodidae,NA,NA,NA,Neureclipsis,NA,sp.,NA
Neurocordulia sp.,Larvae,4,4,Animalia,Arthropoda,Hexapoda,Insecta,NA,NA,NA,Odonata,Anisoptera,NA,NA,Corduliidae,NA,NA,NA,Neurocordulia,NA,sp.,NA
Nilotanypus fimbriatus,Larvae,9,5,Animalia,Arthropoda,Hexapoda,Insecta,NA,NA,NA,Diptera,Nematocera,NA,NA,Chironomidae,Tanypodinae,Pentaneurini,NA,Nilotanypus,NA,Nilotanypus fimbriatus,NA
Nilotanypus sp.,Larvae,1,1,Animalia,Arthropoda,Hexapoda,Insecta,NA,NA,NA,Diptera,Nematocera,NA,NA,Chironomidae,Tanypodinae,Pentaneurini,NA,Nilotanypus,NA,sp.,NA
Nilothauma sp.,Larvae,8,5,Animalia,Arthropoda,Hexapoda,Insecta,NA,NA,NA,Diptera,Nematocera,NA,NA,Chironomidae,Chironominae,Chironomini,NA,Nilothauma,NA,sp.,NA
Nixe sp.,Larvae,3,2,Animalia,Arthropoda,Hexapoda,Insecta,NA,NA,NA,Ephemeroptera,NA,NA,NA,Heptageniidae,NA,NA,NA,Nixe,NA,sp.,NA
Notonecta sp.,Adults,1,1,Animalia,Arthropoda,Hexapoda,Insecta,Pterygota,Neoptera,NA,Hemiptera,Heteroptera,NA,NA,Notonectidae,NA,NA,NA,Notonecta,NA,sp.,NA
Odontomyia sp.,Larvae,1,1,Animalia,Arthropoda,Hexapoda,Insecta,NA,NA,NA,Diptera,Brachycera,NA,NA,Stratiomyidae,NA,NA,NA,Odontomyia,NA,sp.,NA
Oecetis cinerascens,Larvae,4,1,Animalia,Arthropoda,Hexapoda,Insecta,Pterygota,Neoptera,NA,Trichoptera,NA,NA,NA,Leptoceridae,NA,NA,NA,Oecetis,NA,Oecetis cinerascens,NA
Oecetis sp.,Larvae,15,10,Animalia,Arthropoda,Hexapoda,Insecta,Pterygota,Neoptera,NA,Trichoptera,NA,NA,NA,Leptoceridae,NA,NA,NA,Oecetis,NA,sp.,NA
Optioservus sp.,Larvae,1,1,Animalia,Arthropoda,Hexapoda,Insecta,Pterygota,Neoptera,NA,Coleoptera,Polyphaga,NA,NA,Elmidae,NA,NA,NA,Optioservus,NA,sp.,NA
Orconectes sp.,Adults,1,1,Animalia,Arthropoda,Crustacea,Malacostraca,Eumalacostraca,NA,Eucarida,Decapoda,Pleocyemata,Astacidea,Astacoidea,Cambaridae,NA,NA,NA,Orconectes,NA,sp.,NA
Orconectes sp.,Larvae,53,13,Animalia,Arthropoda,Crustacea,Malacostraca,Eumalacostraca,NA,Eucarida,Decapoda,Pleocyemata,Astacidea,Astacoidea,Cambaridae,NA,NA,NA,Orconectes,NA,sp.,NA
Orthocladiinae,Larvae,1,1,Animalia,Arthropoda,Hexapoda,Insecta,NA,NA,NA,Diptera,Nematocera,NA,NA,Chironomidae,Orthocladiinae,NA,NA,NA,NA,NA,NA
Orthocladius Complex,Larvae,81,25,Animalia,Arthropoda,Hexapoda,Insecta,NA,NA,NA,Diptera,Nematocera,NA,NA,Chironomidae,Orthocladiinae,NA,NA,Orthocladius,NA,Orthocladius Complex,NA
Ostracoda,Larvae,14,7,Animalia,Arthropoda,Crustacea,Ostracoda,NA,NA,NA,NA,NA,NA,NA,NA,NA,NA,NA,NA,NA,NA,NA
Oxus sp.,Larvae,1,1,Animalia,Arthropoda,Chelicerata,Arachnida,Acari,NA,Acariformes,Trombidiformes,NA,NA,NA,Oxidae,NA,NA,NA,Oxus,NA,sp.,NA
Oxyethira sp.,Larvae,3,3,Animalia,Arthropoda,Hexapoda,Insecta,Pterygota,Neoptera,NA,Trichoptera,NA,NA,NA,Hydroptilidae,NA,NA,NA,Oxyethira,NA,sp.,NA
Oxyethira sp.,Pupae,1,1,Animalia,Arthropoda,Hexapoda,Insecta,Pterygota,Neoptera,NA,Trichoptera,NA,NA,NA,Hydroptilidae,NA,NA,NA,Oxyethira,NA,sp.,NA
Palmacorixa sp.,Adults,2,1,Animalia,Arthropoda,Hexapoda,Insecta,Pterygota,Neoptera,NA,Hemiptera,Heteroptera,NA,NA,Corixidae,NA,NA,NA,Palmacorixa,NA,sp.,NA
Parachironomus sp.,Larvae,102,38,Animalia,Arthropoda,Hexapoda,Insecta,NA,NA,NA,Diptera,Nematocera,NA,NA,Chironomidae,Chironominae,Chironomini,NA,Parachironomus,NA,sp.,NA
Parachironomus sp.,Pupae,1,1,Animalia,Arthropoda,Hexapoda,Insecta,NA,NA,NA,Diptera,Nematocera,NA,NA,Chironomidae,Chironominae,Chironomini,NA,Parachironomus,NA,sp.,NA
Paracladopelma sp.,Larvae,106,53,Animalia,Arthropoda,Hexapoda,Insecta,NA,NA,NA,Diptera,Nematocera,NA,NA,Chironomidae,Chironominae,Chironomini,NA,Paracladopelma,NA,sp.,NA
Paracladopelma sp.,Pupae,8,5,Animalia,Arthropoda,Hexapoda,Insecta,NA,NA,NA,Diptera,Nematocera,NA,NA,Chironomidae,Chironominae,Chironomini,NA,Paracladopelma,NA,sp.,NA
Paracloeodes minutus,Larvae,27,8,Animalia,Arthropoda,Hexapoda,Insecta,NA,NA,NA,Ephemeroptera,NA,NA,NA,Baetidae,NA,NA,NA,Paracloeodes,NA,Paracloeodes minutus,NA
Paracloeodes sp.,Larvae,10,3,Animalia,Arthropoda,Hexapoda,Insecta,NA,NA,NA,Ephemeroptera,NA,NA,NA,Baetidae,NA,NA,NA,Paracloeodes,NA,sp.,NA
Paracymus sp.,Larvae,1,1,Animalia,Arthropoda,Hexapoda,Insecta,Pterygota,Neoptera,NA,Coleoptera,Polyphaga,NA,NA,Hydrophilidae,NA,NA,NA,Paracymus,NA,sp.,NA
Parakiefferiella sp.,Larvae,10,7,Animalia,Arthropoda,Hexapoda,Insecta,NA,NA,NA,Diptera,Nematocera,NA,NA,Chironomidae,Orthocladiinae,NA,NA,Parakiefferiella,NA,sp.,NA
Paralauterborniella nigrohalteralis,Larvae,34,16,Animalia,Arthropoda,Hexapoda,Insecta,NA,NA,NA,Diptera,Nematocera,NA,NA,Chironomidae,Chironominae,Chironomini,NA,Paralauterborniella,NA,Paralauterborniella nigrohalteralis,NA
Paralauterborniella nigrohalteralis,Pupae,1,1,Animalia,Arthropoda,Hexapoda,Insecta,NA,NA,NA,Diptera,Nematocera,NA,NA,Chironomidae,Chironominae,Chironomini,NA,Paralauterborniella,NA,Paralauterborniella nigrohalteralis,NA
Paramerina sp.,Larvae,7,4,Animalia,Arthropoda,Hexapoda,Insecta,NA,NA,NA,Diptera,Nematocera,NA,NA,Chironomidae,Tanypodinae,Pentaneurini,NA,Paramerina,NA,sp.,NA
Parametriocnemus sp.,Larvae,51,28,Animalia,Arthropoda,Hexapoda,Insecta,NA,NA,NA,Diptera,Nematocera,NA,NA,Chironomidae,Orthocladiinae,NA,NA,Parametriocnemus,NA,sp.,NA
Paraphaenocladius sp.,Larvae,14,10,Animalia,Arthropoda,Hexapoda,Insecta,NA,NA,NA,Diptera,Nematocera,NA,NA,Chironomidae,Orthocladiinae,NA,NA,Paraphaenocladius,NA,sp.,NA
Paratanytarsus sp.,Larvae,2134,142,Animalia,Arthropoda,Hexapoda,Insecta,NA,NA,NA,Diptera,Nematocera,NA,NA,Chironomidae,Chironominae,Tanytarsini,NA,Paratanytarsus,NA,sp.,NA
Paratanytarsus sp.,Pupae,58,39,Animalia,Arthropoda,Hexapoda,Insecta,NA,NA,NA,Diptera,Nematocera,NA,NA,Chironomidae,Chironominae,Tanytarsini,NA,Paratanytarsus,NA,sp.,NA
Paratendipes sp.,Larvae,917,105,Animalia,Arthropoda,Hexapoda,Insecta,NA,NA,NA,Diptera,Nematocera,NA,NA,Chironomidae,Chironominae,Chironomini,NA,Paratendipes,NA,sp.,NA
Paratendipes sp.,Pupae,18,15,Animalia,Arthropoda,Hexapoda,Insecta,NA,NA,NA,Diptera,Nematocera,NA,NA,Chironomidae,Chironominae,Chironomini,NA,Paratendipes,NA,sp.,NA
Pelocoris sp.,Larvae,2,1,Animalia,Arthropoda,Hexapoda,Insecta,Pterygota,Neoptera,NA,Hemiptera,Heteroptera,NA,NA,Naucoridae,NA,NA,NA,Pelocoris,NA,sp.,NA
Peltodytes sp.,Adults,9,8,Animalia,Arthropoda,Hexapoda,Insecta,Pterygota,Neoptera,NA,Coleoptera,Adephaga,NA,NA,Haliplidae,NA,NA,NA,Peltodytes,NA,sp.,NA
Peltodytes sp.,Larvae,28,11,Animalia,Arthropoda,Hexapoda,Insecta,Pterygota,Neoptera,NA,Coleoptera,Adephaga,NA,NA,Haliplidae,NA,NA,NA,Peltodytes,NA,sp.,NA
Pentaneura sp.,Larvae,26,8,Animalia,Arthropoda,Hexapoda,Insecta,NA,NA,NA,Diptera,Nematocera,NA,NA,Chironomidae,Tanypodinae,Pentaneurini,NA,Pentaneura,NA,sp.,NA
Perlesta sp.,Larvae,16,3,Animalia,Arthropoda,Hexapoda,Insecta,Pterygota,Neoptera,NA,Plecoptera,NA,NA,NA,Perlidae,NA,NA,NA,Perlesta,NA,sp.,NA
Phaenopsectra sp.,Larvae,844,123,Animalia,Arthropoda,Hexapoda,Insecta,NA,NA,NA,Diptera,Nematocera,NA,NA,Chironomidae,Chironominae,Chironomini,NA,Phaenopsectra,NA,sp.,NA
Phaenopsectra sp.,Pupae,8,7,Animalia,Arthropoda,Hexapoda,Insecta,NA,NA,NA,Diptera,Nematocera,NA,NA,Chironomidae,Chironominae,Chironomini,NA,Phaenopsectra,NA,sp.,NA
Phryganeidae,Larvae,2,2,Animalia,Arthropoda,Hexapoda,Insecta,Pterygota,Neoptera,NA,Trichoptera,NA,NA,NA,Phryganeidae,NA,NA,NA,NA,NA,NA,NA
Physa sp.,Adults,126,14,Animalia,Mollusca,NA,Gastropoda,Heterobranchia,NA,NA,Hygrophila,NA,NA,Lymneoidea,Physidae,NA,NA,NA,Physa,NA,sp.,NA
Physa sp.,Larvae,1228,94,Animalia,Mollusca,NA,Gastropoda,Heterobranchia,NA,NA,Hygrophila,NA,NA,Lymneoidea,Physidae,NA,NA,NA,Physa,NA,sp.,NA
Pilaria sp.,Larvae,1,1,Animalia,Arthropoda,Hexapoda,Insecta,NA,NA,NA,Diptera,NA,NA,NA,Tipulidae,Limoniinae,Hexatomini,NA,Pilaria,NA,sp.,NA
Pisidium sp.,Adults,21,6,Animalia,Mollusca,NA,Bivalvia,Heterodonta,NA,NA,Veneroida,NA,NA,Corbiculoidea,Sphaeriidae,NA,NA,NA,Pisidium,NA,sp.,NA
Pisidium sp.,Larvae,95,24,Animalia,Mollusca,NA,Bivalvia,Heterodonta,NA,NA,Veneroida,NA,NA,Corbiculoidea,Sphaeriidae,NA,NA,NA,Pisidium,NA,sp.,NA
Placobdella ornata,Larvae,12,11,Animalia,Annelida,NA,Clitellata,Hirudinida,Euhirudinea,NA,Rhynchobdellida,NA,NA,NA,Glossiphoniidae,NA,NA,NA,Placobdella,NA,Placobdella ornata,NA
Placobdella sp.,Larvae,2,2,Animalia,Annelida,NA,Clitellata,Hirudinida,Euhirudinea,NA,Rhynchobdellida,NA,NA,NA,Glossiphoniidae,NA,NA,NA,Placobdella,NA,sp.,NA
Planorbella sp.,Adults,1,1,Animalia,Mollusca,NA,Gastropoda,Heterobranchia,NA,NA,Hygrophila,NA,NA,Planorboidea,Planorbidae,NA,NA,NA,Planorbella,NA,sp.,NA
Planorbella sp.,Larvae,18,14,Animalia,Mollusca,NA,Gastropoda,Heterobranchia,NA,NA,Hygrophila,NA,NA,Planorboidea,Planorbidae,NA,NA,NA,Planorbella,NA,sp.,NA
Planorbidae,Larvae,1,1,Animalia,Mollusca,NA,Gastropoda,Heterobranchia,NA,NA,Hygrophila,NA,NA,Planorboidea,Planorbidae,NA,NA,NA,NA,NA,NA,NA
Plathemis lydia,Larvae,2,2,Animalia,Arthropoda,Hexapoda,Insecta,NA,NA,NA,Odonata,Anisoptera,NA,NA,Libellulidae,NA,NA,NA,Plathemis,NA,Plathemis lydia,NA
Plauditus sp.,Larvae,25,6,Animalia,Arthropoda,Hexapoda,Insecta,NA,NA,NA,Ephemeroptera,NA,NA,NA,Baetidae,NA,NA,NA,Plauditus,NA,sp.,NA
Polycentropodidae,Larvae,3,2,Animalia,Arthropoda,Hexapoda,Insecta,Pterygota,Neoptera,NA,Trichoptera,NA,NA,NA,Polycentropodidae,NA,NA,NA,NA,NA,NA,NA
Polypedilum aviceps,Larvae,64,19,Animalia,Arthropoda,Hexapoda,Insecta,NA,NA,NA,Diptera,Nematocera,NA,NA,Chironomidae,Chironominae,Chironomini,NA,Polypedilum,NA,Polypedilum aviceps,NA
Polypedilum epleri,Larvae,1,1,Animalia,Arthropoda,Hexapoda,Insecta,NA,NA,NA,Diptera,Nematocera,NA,NA,Chironomidae,Chironominae,Chironomini,NA,Polypedilum,NA,Polypedilum epleri,NA
Polypedilum fallax gr.,Larvae,118,55,Animalia,Arthropoda,Hexapoda,Insecta,NA,NA,NA,Diptera,Nematocera,NA,NA,Chironomidae,Chironominae,Chironomini,NA,Polypedilum,NA,Polypedilum fallax gr.,NA
Polypedilum fallax gr.,Pupae,2,2,Animalia,Arthropoda,Hexapoda,Insecta,NA,NA,NA,Diptera,Nematocera,NA,NA,Chironomidae,Chironominae,Chironomini,NA,Polypedilum,NA,Polypedilum fallax gr.,NA
Polypedilum flavum,Larvae,3579,131,Animalia,Arthropoda,Hexapoda,Insecta,NA,NA,NA,Diptera,Nematocera,NA,NA,Chironomidae,Chironominae,Chironomini,NA,Polypedilum,NA,Polypedilum flavum,NA
Polypedilum flavum,Pupae,132,53,Animalia,Arthropoda,Hexapoda,Insecta,NA,NA,NA,Diptera,Nematocera,NA,NA,Chironomidae,Chironominae,Chironomini,NA,Polypedilum,NA,Polypedilum flavum,NA
Polypedilum halterale gr.,Larvae,352,83,Animalia,Arthropoda,Hexapoda,Insecta,NA,NA,NA,Diptera,Nematocera,NA,NA,Chironomidae,Chironominae,Chironomini,NA,Polypedilum,NA,Polypedilum halterale gr.,NA
Polypedilum halterale gr.,Pupae,2,2,Animalia,Arthropoda,Hexapoda,Insecta,NA,NA,NA,Diptera,Nematocera,NA,NA,Chironomidae,Chironominae,Chironomini,NA,Polypedilum,NA,Polypedilum halterale gr.,NA
Polypedilum illinoense gr.,Larvae,4683,149,Animalia,Arthropoda,Hexapoda,Insecta,NA,NA,NA,Diptera,Nematocera,NA,NA,Chironomidae,Chironominae,Chironomini,NA,Polypedilum,NA,Polypedilum illinoense gr.,NA
Polypedilum illinoense gr.,Pupae,103,56,Animalia,Arthropoda,Hexapoda,Insecta,NA,NA,NA,Diptera,Nematocera,NA,NA,Chironomidae,Chironominae,Chironomini,NA,Polypedilum,NA,Polypedilum illinoense gr.,NA
Polypedilum scalaenum gr.,Larvae,1445,119,Animalia,Arthropoda,Hexapoda,Insecta,NA,NA,NA,Diptera,Nematocera,NA,NA,Chironomidae,Chironominae,Chironomini,NA,Polypedilum,NA,Polypedilum scalaenum gr.,NA
Polypedilum scalaenum gr.,Pupae,5,4,Animalia,Arthropoda,Hexapoda,Insecta,NA,NA,NA,Diptera,Nematocera,NA,NA,Chironomidae,Chironominae,Chironomini,NA,Polypedilum,NA,Polypedilum scalaenum gr.,NA
Polypedilum sp.,Larvae,1,1,Animalia,Arthropoda,Hexapoda,Insecta,NA,NA,NA,Diptera,Nematocera,NA,NA,Chironomidae,Chironominae,Chironomini,NA,Polypedilum,NA,sp.,NA
Polypedilum tritum,Larvae,1,1,Animalia,Arthropoda,Hexapoda,Insecta,NA,NA,NA,Diptera,Nematocera,NA,NA,Chironomidae,Chironominae,Chironomini,NA,Polypedilum,NA,Polypedilum tritum,NA
Procambarus sp.,Larvae,3,1,Animalia,Arthropoda,Crustacea,Malacostraca,Eumalacostraca,NA,Eucarida,Decapoda,Pleocyemata,Astacidea,Astacoidea,Cambaridae,NA,NA,NA,Procambarus,NA,sp.,NA
Procladius sp.,Larvae,2065,118,Animalia,Arthropoda,Hexapoda,Insecta,NA,NA,NA,Diptera,Nematocera,NA,NA,Chironomidae,Tanypodinae,Procladiini,NA,Procladius,NA,sp.,NA
Procladius sp.,Pupae,14,8,Animalia,Arthropoda,Hexapoda,Insecta,NA,NA,NA,Diptera,Nematocera,NA,NA,Chironomidae,Tanypodinae,Procladiini,NA,Procladius,NA,sp.,NA
Procloeon sp.,Larvae,1,1,Animalia,Arthropoda,Hexapoda,Insecta,NA,NA,NA,Ephemeroptera,NA,NA,NA,Baetidae,NA,NA,NA,Procloeon,NA,sp.,NA
Progomphus obscurus,Larvae,4,4,Animalia,Arthropoda,Hexapoda,Insecta,NA,NA,NA,Odonata,Anisoptera,NA,NA,Gomphidae,NA,NA,NA,Progomphus,NA,Progomphus obscurus,NA
Progomphus sp.,Larvae,19,15,Animalia,Arthropoda,Hexapoda,Insecta,NA,NA,NA,Odonata,Anisoptera,NA,NA,Gomphidae,NA,NA,NA,Progomphus,NA,sp.,NA
Prostoma sp.,Larvae,6,3,Animalia,Nemertea,NA,Enopla,NA,NA,NA,Hoplonemertea,Monostilifera,NA,NA,Tetrastemmatidae,NA,NA,NA,Prostoma,NA,sp.,NA
Psectrotanypus sp.,Larvae,30,11,Animalia,Arthropoda,Hexapoda,Insecta,NA,NA,NA,Diptera,Nematocera,NA,NA,Chironomidae,Tanypodinae,Macropelopiini,NA,Psectrotanypus,NA,sp.,NA
Psectrotanypus sp.,Pupae,4,2,Animalia,Arthropoda,Hexapoda,Insecta,NA,NA,NA,Diptera,Nematocera,NA,NA,Chironomidae,Tanypodinae,Macropelopiini,NA,Psectrotanypus,NA,sp.,NA
Pseudochironomus sp.,Larvae,21,8,Animalia,Arthropoda,Hexapoda,Insecta,NA,NA,NA,Diptera,Nematocera,NA,NA,Chironomidae,Chironominae,Pseudochironomini,NA,Pseudochironomus,NA,sp.,NA
Pseudocloeon frondale,Larvae,49,3,Animalia,Arthropoda,Hexapoda,Insecta,NA,NA,NA,Ephemeroptera,NA,NA,NA,Baetidae,NA,NA,NA,Pseudocloeon,NA,Pseudocloeon frondale,NA
Pseudocloeon sp.,Larvae,281,10,Animalia,Arthropoda,Hexapoda,Insecta,NA,NA,NA,Ephemeroptera,NA,NA,NA,Baetidae,NA,NA,NA,Pseudocloeon,NA,sp.,NA
Pseudolimnophila sp.,Larvae,1,1,Animalia,Arthropoda,Hexapoda,Insecta,NA,NA,NA,Diptera,NA,NA,NA,Tipulidae,Limoniinae,Hexatomini,NA,Pseudolimnophila,NA,sp.,NA
Pseudosuccinea columella,Adults,1,1,Animalia,Mollusca,NA,Gastropoda,Heterobranchia,NA,NA,Hygrophila,NA,NA,Lymneoidea,Lymnaeidae,NA,NA,NA,Pseudosuccinea,NA,Pseudosuccinea columella,NA
Pseudosuccinea columella,Larvae,1,1,Animalia,Mollusca,NA,Gastropoda,Heterobranchia,NA,NA,Hygrophila,NA,NA,Lymneoidea,Lymnaeidae,NA,NA,NA,Pseudosuccinea,NA,Pseudosuccinea columella,NA
Psychodidae,Larvae,8,4,Animalia,Arthropoda,Hexapoda,Insecta,NA,NA,NA,Diptera,Nematocera,NA,NA,Psychodidae,NA,NA,NA,NA,NA,NA,NA
Psychodidae,Pupae,2,1,Animalia,Arthropoda,Hexapoda,Insecta,NA,NA,NA,Diptera,Nematocera,NA,NA,Psychodidae,NA,NA,NA,NA,NA,NA,NA
Pycnopsyche sp.,Larvae,1,1,Animalia,Arthropoda,Hexapoda,Insecta,Pterygota,Neoptera,NA,Trichoptera,NA,NA,NA,Limnephilidae,NA,NA,NA,Pycnopsyche,NA,sp.,NA
Ranatra sp.,Adults,3,3,Animalia,Arthropoda,Hexapoda,Insecta,Pterygota,Neoptera,NA,Hemiptera,Heteroptera,NA,NA,Nepidae,NA,NA,NA,Ranatra,NA,sp.,NA
Ranatra sp.,Larvae,1,1,Animalia,Arthropoda,Hexapoda,Insecta,Pterygota,Neoptera,NA,Hemiptera,Heteroptera,NA,NA,Nepidae,NA,NA,NA,Ranatra,NA,sp.,NA
Rheocricotopus sp.,Larvae,72,32,Animalia,Arthropoda,Hexapoda,Insecta,NA,NA,NA,Diptera,Nematocera,NA,NA,Chironomidae,Orthocladiinae,NA,NA,Rheocricotopus,NA,sp.,NA
Rheocricotopus sp.,Pupae,4,4,Animalia,Arthropoda,Hexapoda,Insecta,NA,NA,NA,Diptera,Nematocera,NA,NA,Chironomidae,Orthocladiinae,NA,NA,Rheocricotopus,NA,sp.,NA
Rheosmittia sp.,Larvae,263,18,Animalia,Arthropoda,Hexapoda,Insecta,NA,NA,NA,Diptera,Nematocera,NA,NA,Chironomidae,Orthocladiinae,NA,NA,Rheosmittia,NA,sp.,NA
Rheotanytarsus exiguus gr.,Larvae,499,78,Animalia,Arthropoda,Hexapoda,Insecta,NA,NA,NA,Diptera,Nematocera,NA,NA,Chironomidae,Chironominae,Tanytarsini,NA,Rheotanytarsus,NA,Rheotanytarsus exiguus gr.,NA
Rheotanytarsus exiguus gr.,Pupae,20,14,Animalia,Arthropoda,Hexapoda,Insecta,NA,NA,NA,Diptera,Nematocera,NA,NA,Chironomidae,Chironominae,Tanytarsini,NA,Rheotanytarsus,NA,Rheotanytarsus exiguus gr.,NA
Rheotanytarsus pellucidus gr.,Larvae,9,7,Animalia,Arthropoda,Hexapoda,Insecta,NA,NA,NA,Diptera,Nematocera,NA,NA,Chironomidae,Chironominae,Tanytarsini,NA,Rheotanytarsus,NA,Rheotanytarsus pellucidus gr.,NA
Rheotanytarsus pellucidus gr.,Pupae,1,1,Animalia,Arthropoda,Hexapoda,Insecta,NA,NA,NA,Diptera,Nematocera,NA,NA,Chironomidae,Chironominae,Tanytarsini,NA,Rheotanytarsus,NA,Rheotanytarsus pellucidus gr.,NA
Robackia demeijerei,Larvae,3,3,Animalia,Arthropoda,Hexapoda,Insecta,NA,NA,NA,Diptera,Nematocera,NA,NA,Chironomidae,Chironominae,Chironomini,NA,Robackia,NA,Robackia demeijerei,NA
Robackia sp.,Pupae,2,1,Animalia,Arthropoda,Hexapoda,Insecta,NA,NA,NA,Diptera,Nematocera,NA,NA,Chironomidae,Chironominae,Chironomini,NA,Robackia,NA,sp.,NA
Saetheria sp.,Larvae,32,23,Animalia,Arthropoda,Hexapoda,Insecta,NA,NA,NA,Diptera,Nematocera,NA,NA,Chironomidae,Chironominae,Chironomini,NA,Saetheria,NA,sp.,NA
Saetheria sp.,Pupae,1,1,Animalia,Arthropoda,Hexapoda,Insecta,NA,NA,NA,Diptera,Nematocera,NA,NA,Chironomidae,Chironominae,Chironomini,NA,Saetheria,NA,sp.,NA
Saetheria tylus,Larvae,860,84,Animalia,Arthropoda,Hexapoda,Insecta,NA,NA,NA,Diptera,Nematocera,NA,NA,Chironomidae,Chironominae,Chironomini,NA,Saetheria,NA,Saetheria tylus,NA
Saetheria tylus,Pupae,43,22,Animalia,Arthropoda,Hexapoda,Insecta,NA,NA,NA,Diptera,Nematocera,NA,NA,Chironomidae,Chironominae,Chironomini,NA,Saetheria,NA,Saetheria tylus,NA
Sciomyzidae,Larvae,2,2,Animalia,Arthropoda,Hexapoda,Insecta,NA,NA,NA,Diptera,Nematocera,NA,NA,Sciomyzidae,NA,NA,NA,NA,NA,NA,NA
Scirtidae,Larvae,96,41,Animalia,Arthropoda,Hexapoda,Insecta,Pterygota,Neoptera,NA,Coleoptera,Polyphaga,NA,NA,Scirtidae,NA,NA,NA,NA,NA,NA,NA
Sialis sp.,Larvae,21,7,Animalia,Arthropoda,Hexapoda,Insecta,Pterygota,Neoptera,Neuropterida,Megaloptera,NA,NA,NA,Sialidae,NA,NA,NA,Sialis,NA,sp.,NA
Sigara alternata,Larvae,29,1,Animalia,Arthropoda,Hexapoda,Insecta,Pterygota,Neoptera,NA,Hemiptera,Heteroptera,NA,NA,Corixidae,NA,NA,NA,Sigara,NA,Sigara alternata,NA
Sigara sp.,Adults,1,1,Animalia,Arthropoda,Hexapoda,Insecta,Pterygota,Neoptera,NA,Hemiptera,Heteroptera,NA,NA,Corixidae,NA,NA,NA,Sigara,NA,sp.,NA
Simulium sp.,Larvae,1862,84,Animalia,Arthropoda,Hexapoda,Insecta,NA,NA,NA,Diptera,Nematocera,NA,NA,Simuliidae,NA,NA,NA,Simulium,NA,sp.,NA
Simulium sp.,Pupae,6,6,Animalia,Arthropoda,Hexapoda,Insecta,NA,NA,NA,Diptera,Nematocera,NA,NA,Simuliidae,NA,NA,NA,Simulium,NA,sp.,NA
Sisyra sp.,Larvae,4,3,Animalia,Arthropoda,Hexapoda,Insecta,Pterygota,Neoptera,Neuropterida,Neuroptera,NA,NA,NA,Sisyridae,NA,NA,NA,Sisyra,NA,sp.,NA
Smittia sp.,Larvae,2,1,Animalia,Arthropoda,Hexapoda,Insecta,NA,NA,NA,Diptera,Nematocera,NA,NA,Chironomidae,Orthocladiinae,NA,NA,Smittia,NA,sp.,NA
Somatochlora sp.,Larvae,56,16,Animalia,Arthropoda,Hexapoda,Insecta,NA,NA,NA,Odonata,Anisoptera,NA,NA,Corduliidae,NA,NA,NA,Somatochlora,NA,sp.,NA
Sperchopsis tessellata,Larvae,1,1,Animalia,Arthropoda,Hexapoda,Insecta,Pterygota,Neoptera,NA,Coleoptera,Polyphaga,NA,NA,Hydrophilidae,NA,NA,NA,Sperchopsis,NA,Sperchopsis tessellata,NA
Sphaeriidae,Adults,1,1,Animalia,Mollusca,NA,Bivalvia,Heterodonta,NA,NA,Veneroida,NA,NA,Corbiculoidea,Sphaeriidae,NA,NA,NA,NA,NA,NA,NA
Sphaeriidae,Larvae,99,7,Animalia,Mollusca,NA,Bivalvia,Heterodonta,NA,NA,Veneroida,NA,NA,Corbiculoidea,Sphaeriidae,NA,NA,NA,NA,NA,NA,NA
Sphaerium sp.,Adults,66,7,Animalia,Mollusca,NA,Bivalvia,Heterodonta,NA,NA,Veneroida,NA,NA,Corbiculoidea,Sphaeriidae,NA,NA,NA,Sphaerium,NA,sp.,NA
Sphaerium sp.,Larvae,308,26,Animalia,Mollusca,NA,Bivalvia,Heterodonta,NA,NA,Veneroida,NA,NA,Corbiculoidea,Sphaeriidae,NA,NA,NA,Sphaerium,NA,sp.,NA
Stagnicola sp.,Larvae,3,1,Animalia,Mollusca,NA,Gastropoda,Heterobranchia,NA,NA,Hygrophila,NA,NA,Lymneoidea,Lymnaeidae,NA,NA,NA,Stagnicola,NA,sp.,NA
Stelechomyia perpulchra,Larvae,2,2,Animalia,Arthropoda,Hexapoda,Insecta,NA,NA,NA,Diptera,Nematocera,NA,NA,Chironomidae,Chironominae,Chironomini,NA,Stelechomyia,NA,Stelechomyia perpulchra,NA
Stempellina sp.,Larvae,2,2,Animalia,Arthropoda,Hexapoda,Insecta,NA,NA,NA,Diptera,Nematocera,NA,NA,Chironomidae,Chironominae,Tanytarsini,NA,Stempellina,NA,sp.,NA
Stempellinella sp.,Larvae,26,9,Animalia,Arthropoda,Hexapoda,Insecta,NA,NA,NA,Diptera,Nematocera,NA,NA,Chironomidae,Chironominae,Tanytarsini,NA,Stempellinella,NA,sp.,NA
Stempellinella sp.,Pupae,2,2,Animalia,Arthropoda,Hexapoda,Insecta,NA,NA,NA,Diptera,Nematocera,NA,NA,Chironomidae,Chironominae,Tanytarsini,NA,Stempellinella,NA,sp.,NA
Stenacron interpunctatum,Larvae,409,59,Animalia,Arthropoda,Hexapoda,Insecta,NA,NA,NA,Ephemeroptera,NA,NA,NA,Heptageniidae,NA,NA,NA,Stenacron,NA,Stenacron interpunctatum,NA
Stenacron sp.,Larvae,60,25,Animalia,Arthropoda,Hexapoda,Insecta,NA,NA,NA,Ephemeroptera,NA,NA,NA,Heptageniidae,NA,NA,NA,Stenacron,NA,sp.,NA
Stenelmis sp.,Adults,114,27,Animalia,Arthropoda,Hexapoda,Insecta,Pterygota,Neoptera,NA,Coleoptera,Polyphaga,NA,NA,Elmidae,NA,NA,NA,Stenelmis,NA,sp.,NA
Stenelmis sp.,Larvae,490,75,Animalia,Arthropoda,Hexapoda,Insecta,Pterygota,Neoptera,NA,Coleoptera,Polyphaga,NA,NA,Elmidae,NA,NA,NA,Stenelmis,NA,sp.,NA
Stenochironomus sp.,Larvae,143,52,Animalia,Arthropoda,Hexapoda,Insecta,NA,NA,NA,Diptera,Nematocera,NA,NA,Chironomidae,Chironominae,Chironomini,NA,Stenochironomus,NA,sp.,NA
Stenochironomus sp.,Pupae,14,10,Animalia,Arthropoda,Hexapoda,Insecta,NA,NA,NA,Diptera,Nematocera,NA,NA,Chironomidae,Chironominae,Chironomini,NA,Stenochironomus,NA,sp.,NA
Stenonema femoratum,Larvae,106,21,Animalia,Arthropoda,Hexapoda,Insecta,NA,NA,NA,Ephemeroptera,NA,NA,NA,Heptageniidae,NA,NA,NA,Stenonema,NA,Stenonema femoratum,NA
Stictochironomus sp.,Larvae,454,52,Animalia,Arthropoda,Hexapoda,Insecta,NA,NA,NA,Diptera,Nematocera,NA,NA,Chironomidae,Chironominae,Chironomini,NA,Stictochironomus,NA,sp.,NA
Stictochironomus sp.,Pupae,6,5,Animalia,Arthropoda,Hexapoda,Insecta,NA,NA,NA,Diptera,Nematocera,NA,NA,Chironomidae,Chironominae,Chironomini,NA,Stictochironomus,NA,sp.,NA
Stilobezzia sp.,Larvae,2,2,Animalia,Arthropoda,Hexapoda,Insecta,NA,NA,NA,Diptera,Nematocera,NA,NA,Ceratopogonidae,Ceratopogoninae,NA,NA,Stilobezzia,NA,sp.,NA
Stratiomyidae,Larvae,3,3,Animalia,Arthropoda,Hexapoda,Insecta,NA,NA,NA,Diptera,Brachycera,NA,NA,Stratiomyidae,NA,NA,NA,NA,NA,NA,NA
Stratiomys sp.,Larvae,8,6,Animalia,Arthropoda,Hexapoda,Insecta,NA,NA,NA,Diptera,Brachycera,NA,NA,Stratiomyidae,NA,NA,NA,Stratiomys,NA,sp.,NA
Syrphidae,Larvae,1,1,Animalia,Arthropoda,Hexapoda,Insecta,NA,NA,NA,Diptera,Brachycera,NA,NA,Syrphidae,NA,NA,NA,NA,NA,NA,NA
Tabanidae,Larvae,24,15,Animalia,Arthropoda,Hexapoda,Insecta,NA,NA,NA,Diptera,Brachycera,NA,NA,Tabanidae,NA,NA,NA,NA,NA,NA,NA
Tanypus sp.,Larvae,24,15,Animalia,Arthropoda,Hexapoda,Insecta,NA,NA,NA,Diptera,Nematocera,NA,NA,Chironomidae,Tanypodinae,Tanypodini,NA,Tanypus,NA,sp.,NA
Tanypus sp.,Pupae,1,1,Animalia,Arthropoda,Hexapoda,Insecta,NA,NA,NA,Diptera,Nematocera,NA,NA,Chironomidae,Tanypodinae,Tanypodini,NA,Tanypus,NA,sp.,NA
Tanytarsini,Larvae,1,1,Animalia,Arthropoda,Hexapoda,Insecta,NA,NA,NA,Diptera,Nematocera,NA,NA,Chironomidae,Chironominae,Tanytarsini,NA,NA,NA,NA,NA
Tanytarsus sp.,Larvae,2966,140,Animalia,Arthropoda,Hexapoda,Insecta,NA,NA,NA,Diptera,Nematocera,NA,NA,Chironomidae,Chironominae,Tanytarsini,NA,Tanytarsus,NA,sp.,NA
Tanytarsus sp.,Pupae,199,74,Animalia,Arthropoda,Hexapoda,Insecta,NA,NA,NA,Diptera,Nematocera,NA,NA,Chironomidae,Chironominae,Tanytarsini,NA,Tanytarsus,NA,sp.,NA
Thermonectus sp.,Adults,1,1,Animalia,Arthropoda,Hexapoda,Insecta,Pterygota,Neoptera,NA,Coleoptera,Adephaga,NA,NA,Dytiscidae,Dytiscinae,NA,NA,Thermonectus,NA,sp.,NA
Thienemanniella sp.,Larvae,248,52,Animalia,Arthropoda,Hexapoda,Insecta,NA,NA,NA,Diptera,Nematocera,NA,NA,Chironomidae,Orthocladiinae,NA,NA,Thienemanniella,NA,sp.,NA
Thienemanniella sp.,Pupae,1,1,Animalia,Arthropoda,Hexapoda,Insecta,NA,NA,NA,Diptera,Nematocera,NA,NA,Chironomidae,Orthocladiinae,NA,NA,Thienemanniella,NA,sp.,NA
Thienemannimyia gr. sp.,Larvae,1651,146,Animalia,Arthropoda,Hexapoda,Insecta,NA,NA,NA,Diptera,Nematocera,NA,NA,Chironomidae,Tanypodinae,Pentaneurini,NA,Thienemannimyia gr.,NA,sp.,NA
Thienemannimyia gr. sp.,Pupae,70,38,Animalia,Arthropoda,Hexapoda,Insecta,NA,NA,NA,Diptera,Nematocera,NA,NA,Chironomidae,Tanypodinae,Pentaneurini,NA,Thienemannimyia gr.,NA,sp.,NA
Tipula sp.,Larvae,30,20,Animalia,Arthropoda,Hexapoda,Insecta,NA,NA,NA,Diptera,NA,NA,NA,Tipulidae,Tipulinae,NA,NA,Tipula,NA,sp.,NA
Tipulidae,Larvae,9,6,Animalia,Arthropoda,Hexapoda,Insecta,NA,NA,NA,Diptera,NA,NA,NA,Tipulidae,NA,NA,NA,NA,NA,NA,NA
Tipulidae,Pupae,12,10,Animalia,Arthropoda,Hexapoda,Insecta,NA,NA,NA,Diptera,NA,NA,NA,Tipulidae,NA,NA,NA,NA,NA,NA,NA
Triaenodes sp.,Larvae,31,7,Animalia,Arthropoda,Hexapoda,Insecta,Pterygota,Neoptera,NA,Trichoptera,NA,NA,NA,Leptoceridae,NA,NA,NA,Triaenodes,NA,sp.,NA
Tribelos jucundum,Larvae,793,70,Animalia,Arthropoda,Hexapoda,Insecta,NA,NA,NA,Diptera,Nematocera,NA,NA,Chironomidae,Chironominae,Chironomini,NA,Tribelos,NA,Tribelos jucundum,NA
Tribelos jucundum,Pupae,1,1,Animalia,Arthropoda,Hexapoda,Insecta,NA,NA,NA,Diptera,Nematocera,NA,NA,Chironomidae,Chironominae,Chironomini,NA,Tribelos,NA,Tribelos jucundum,NA
Tribelos sp.,Larvae,110,35,Animalia,Arthropoda,Hexapoda,Insecta,NA,NA,NA,Diptera,Nematocera,NA,NA,Chironomidae,Chironominae,Chironomini,NA,Tribelos,NA,sp.,NA
Trichocorixa sp.,Adults,25,10,Animalia,Arthropoda,Hexapoda,Insecta,Pterygota,Neoptera,NA,Hemiptera,Heteroptera,NA,NA,Corixidae,NA,NA,NA,Trichocorixa,NA,sp.,NA
Trichocorixa sp.,Larvae,39,5,Animalia,Arthropoda,Hexapoda,Insecta,Pterygota,Neoptera,NA,Hemiptera,Heteroptera,NA,NA,Corixidae,NA,NA,NA,Trichocorixa,NA,sp.,NA
Trichoptera,Pupae,1,1,Animalia,Arthropoda,Hexapoda,Insecta,Pterygota,Neoptera,NA,Trichoptera,NA,NA,NA,NA,NA,NA,NA,NA,NA,NA,NA
Tricorythodes sp.,Larvae,1075,22,Animalia,Arthropoda,Hexapoda,Insecta,NA,NA,NA,Ephemeroptera,NA,NA,NA,Leptohyphidae,NA,NA,NA,Tricorythodes,NA,sp.,NA
Tropisternus sp.,Adults,5,5,Animalia,Arthropoda,Hexapoda,Insecta,Pterygota,Neoptera,NA,Coleoptera,Polyphaga,NA,NA,Hydrophilidae,NA,NA,NA,Tropisternus,NA,sp.,NA
Tropisternus sp.,Larvae,30,18,Animalia,Arthropoda,Hexapoda,Insecta,Pterygota,Neoptera,NA,Coleoptera,Polyphaga,NA,NA,Hydrophilidae,NA,NA,NA,Tropisternus,NA,sp.,NA
Truncatelloidea,Adults,1,1,Animalia,Mollusca,NA,Gastropoda,Caenogastropoda,NA,NA,Littoridinomorpha,NA,NA,Truncatelloidea,NA,NA,NA,NA,NA,NA,NA,NA
Tubificidae,Larvae,399,64,Animalia,Annelida,NA,Clitellata,Oligochaeta,NA,NA,Tubificida,NA,NA,NA,Tubificidae,NA,NA,NA,NA,NA,NA,NA
Turbellaria,Larvae,16,7,Animalia,Platyhelminthes,NA,Turbellaria,NA,NA,NA,NA,NA,NA,NA,NA,NA,NA,NA,NA,NA,NA,NA
Unionicola sp.,Adults,1,1,Animalia,Arthropoda,Chelicerata,Arachnida,Acari,NA,Acariformes,Trombidiformes,NA,NA,NA,Unionicolidae,NA,NA,NA,Unionicola,NA,sp.,NA
Unionicola sp.,Larvae,1,1,Animalia,Arthropoda,Chelicerata,Arachnida,Acari,NA,Acariformes,Trombidiformes,NA,NA,NA,Unionicolidae,NA,NA,NA,Unionicola,NA,sp.,NA
Xenochironomus xenolabis,Larvae,5,5,Animalia,Arthropoda,Hexapoda,Insecta,NA,NA,NA,Diptera,Nematocera,NA,NA,Chironomidae,Chironominae,Chironomini,NA,Xenochironomus,NA,Xenochironomus xenolabis,NA
Xylotopus par,Larvae,3,3,Animalia,Arthropoda,Hexapoda,Insecta,NA,NA,NA,Diptera,Nematocera,NA,NA,Chironomidae,Orthocladiinae,NA,NA,Xylotopus,NA,Xylotopus par,NA
Zavreliella marmorata,Larvae,1,1,Animalia,Arthropoda,Hexapoda,Insecta,NA,NA,NA,Diptera,Nematocera,NA,NA,Chironomidae,Chironominae,Chironomini,NA,Zavreliella,NA,Zavreliella marmorata,NA
Zavrelimyia sp.,Larvae,294,67,Animalia,Arthropoda,Hexapoda,Insecta,NA,NA,NA,Diptera,Nematocera,NA,NA,Chironomidae,Tanypodinae,Pentaneurini,NA,Zavrelimyia,NA,sp.,NA
Zavrelimyia sp.,Pupae,7,6,Animalia,Arthropoda,Hexapoda,Insecta,NA,NA,NA,Diptera,Nematocera,NA,NA,Chironomidae,Tanypodinae,Pentaneurini,NA,Zavrelimyia,NA,sp.,NA
